,Product,Ingredients,Rating
0,Green Goddess Makeup Melter,"
	Ingredients

	
		Ethylhexyl Palmitate, Carthamus Tinctorius (Safflower) Seed Oil, Caprylic/Capric Triglyceride, Sorbeth-30 Tetraoleate, Polyethylene, PEG-5 Glyceryl Triisostearate, Cannabis Sativa Seed Oil, Citrus Aurantium Dulcis (Orange) Peel Oil, Lavandula Angustifolia (Lavender) Oil, Citrus Paradisi (Grapefruit) Peel Oil, Citrus Aurantium Bergamia (Bergamot) Fruit Oil, Cedrus Atlantica Bark Oil, Salvia Sclarea (Clary) Oil, Lavandula Hybrida Oil, Pogostemon Cablin Oil, Vetiveria Zizanoides Root Oil, Citrus Limon (Lemon) Peel Oil, Ocimum Basilicum (Basil) Oil, Ferula Galbaniflua (Galbanum) Resin Oil, Pelargonium Graveolens Flower Oil, Limonene, Linalool, Diisostearyl Malate, Phenoxyethanol, Tocopherol, Sorbitan Sesquiisostearate, Butyrospermum Parkii (Shea) Butter, Squalane, Triethoxycaprylylsilane, Aluminum Hydroxide, Citric Acid, Benzyl Alcohol, Blue 1 Lake (CI 42090), Yellow 5 Lake (CI 19140), Titanium Dioxide (CI 77891).	
","<span class=""product-rating rating stars-1""></span>"
1,Banish Stick,"
	Ingredients

	
		Water (Aqua), Alcohol Denat., Hamamelis Virginiana (Witch Hazel) Water, Pentylene Glycol, Gaultheria Procumbens (Wintergreen) Leaf Extract, Glycerin, Tasmannia Lanceolata Fruit Extract, Potassium Hydroxide, Arctium Lappa Root Extract, Citrus Reticulata (Tangerine) Fruit Extract, Xanthan Gum, Jasminum Grandiflorum (Jasmine) Flower Extract, Propanediol, Lecithin, Saccharide Isomerate, Phenethyl Alcohol, Sclerotium Gum, Pullulan.	
","<span class=""product-rating rating stars-1""></span>"
2,Banish Solution,"
	Ingredients

	
		Water (Aqua/Eau), Isopropyl Alcohol, Colloidal Sulfur, Zinc Oxide, Salicylic Acid, Magnesium, Aluminum Silicate (Clay), Camphor, Iron Oxide.	
","<span class=""product-rating rating stars-1""></span>"
3,Confidence In Your Beauty Sleep Skin-Transforming Pillow Cream,"
	Ingredients

	
		Aqua/Water/Eau, Dimethicone, Glycerin, Simmondsia Chinensis Seed Oil/Jojoba Seed Oil, Hydrogenated Castor Oil Dimer Dilinoleate, Propanediol, Alcohol Denat., Caprylic/Capric Triglyceride, Cetyl Alcohol, Cetyl Hydroxyethylcellulose, Octyldodecanol, Silica, Phenoxyethanol, Albizia Julibrissin Bark Extract, Caprylyl Glycol, Parfum/Fragrance, Poloxamer 338, Capryloyl Salicylic Acid, Limonene, Adenosine, Tocopherol, Xanthan Gum, Disodium EDTA, Linalool, Ceramide NP, Hydroxypalmitoyl Sphinganine, Silica Dimethyl Silylate, Hydrated Silica, Sodium Hyaluronate, Polysorbate 60, Citronellol, Sodium Benzoate, Ci 16035/Red 40, Geraniol, Cereus Grandiflorus Flower Extract/Cactus Flower Extract, Citral, Darutoside, Ci 42090/Blue 1, Glucose, Lactic Acid, Potassium Sorbate.	
","<span class=""product-rating rating stars-1""></span>"
4,I-Waken Eye Serum,"
	Ingredients

	
		Water, Propanediol, Glycerin, Alcohol, Dicaprylyl Ether, Polyglyceryl-6 Distearate, Caprylic/Capric Triglyceride, Sodium Levulinate, Sclerotium Gum, Simmondsia Chinensis (Jojoba) Seed Oil, Squalane, Jojoba Esters, Chondrus Crispus, Sodium Anisate, Pyrus Sorbus Bud Extract, Sodium Dehydroacetate, Cetyl Alcohol, Polyglyceryl-3 Beeswax, Sodium Hyaluronate, Galactaric Acid, Tocopherol, Citric Acid, Aesculus Hippocastanum (Horse Chestnut) Seed Extract, Arnica Montana Flower Extract, Centaurea Cyanus Flower Extract, Chamomilla Recutita (Matricaria) Flower Extract, Hamamelis Virginiana (Witch Hazel) Leaf Extract, Ribes Nigrum (Black Currant) Leaf Extract, Spirulina Maxima Extract, Helianthus Annuus (Sunflower) Seed Oil.	
","<span class=""product-rating rating stars-1""></span>"
5,Knockout Daily Exfoliating Cleanser,"
	Ingredients

	
		Water/Aqua/Eau, Sodium C14-16 Olefin Sulfonate, Cocamidopropyl Hydroxysultaine, Sodium Cocoyl Glutamate, Glycerin, Pyrus Malus (Apple) Fruit Extract, Lactic Acid, Glycolic Acid, Sodium Chloride, Propanediol, Decyl Glucoside, Acrylates Crosspolymer-4, Citric Acid, Phenoxyethanol, Polyquaternium-10, Eucalyptus Globulus Leaf Oil, Mentha Piperita (Peppermint) Oil, Caprylyl Glycol, Ethylhexylglycerin, Hexylene Glycol, Salicylic Acid, Sodium Hydroxide, Limonene, Tetrasodium Glutamate Diacetate, Linalool, Sodium Acetate, Sodium Glycolate, Sodium Formate.	
","<span class=""product-rating rating stars-1""></span>"
6,Masks Vitamin C + AHA Resurfacing Peel,"
	Ingredients

	
		Vitamin C Resurfacing Mask: PEG-8, Sodium Bicarbonate, Silica Silylate, Polysorbate 60, Ascorbic Acid, Niacinamide, Tocopheryl Acetate, Fragrance, Yellow 5, Red 40. AHA Peel Activator: Water, Sodium Lactate, Lactic Acid, Hydroxyethylcellulose, DMDM Hydantoin, Disodium EDTA, Sodium Hydroxide, Iodopropynyl Butylcarbamate.	
","<span class=""product-rating rating stars-1""></span>"
7,Bye Bye Pores Leave-On Solution,"
	Ingredients

	
		Aqua/Water/Eau, Alcohol Denat., Glycerin, Propanediol, Silica [Nano]/Silica, Phenoxyethanol, Methyl Methacrylate Crosspolymer, Kaolin, Zinc Gluconate, Aloe Barbadensis Leaf Juice Powder, Parfum/Fragrance, Menthoxypropanediol, Cocos Nucifera Fruit Juice/Coconut Fruit Juice, Hamamelis Virginiana Water/Witch Hazel Water, Allantoin, Hydrolyzed Silk, Avena Sativa Kernel Flour/Oat Kernel Flour, Linalool, Salicylic Acid, Propylene Glycol, Pentylene Glycol, Hydrolyzed Rice Protein, Limonene, Citric Acid, Soluble Collagen, Sodium Benzoate, Potassium Sorbate, Disodium EDTA, Trisodium EDTA.	
","<span class=""product-rating rating stars-1""></span>"
8,The Perfect Matcha 3-in-1 Beauty Water,"
	Ingredients

	
		Water/Eau, Butylene Glycol, Fragrance/Parfum, Pentylene Glycol, Camellia Sinensis Leaf Powder, Phyllostachys Edulis Shoot Water, Nelumbo Nucifera Flower Extract, Silica Dimethyl Silylate, Betaine, Phenoxyethanol, Caprylyl Glycol, Ethylhexylglycerin, Hexylene Glycol, PPG-26-Buteth-26, PEG-40 Hydrogenated Castor Oil, Magnesium Sulfate, Sodium Citrate, Cellulose Gum, Citric Acid, Lactic Acid, Sodium Benzoate, Potassium Sorbate, Maltodextrin, Blue 1 (Ci 42090), Yellow 5 (Ci 19140).	
","<span class=""product-rating rating stars-1""></span>"
9,Warming Gel Moisturising Mask,"
	Ingredients

	
		Glycerin, Parfum/Fragrance, Phenoxyethanol, PEG-40 Hydrogenated Castor Oil, Trideceth-9, Carbomer, Aqua/Water/Eau, Sodium Hydroxide, Propylene Glycol, CI 42090 (Blue 1).	
","<span class=""product-rating rating stars-1""></span>"
10,Clearcalm Non-Drying Acne Treatment Gel,"
	Ingredients

	
		Aqua (Water), Alcohol Denat., Glycerin, Xanthan Gum, Pinus Pinaster Bark Extract, Salicylic Acid, Caprylyl/Capryl Glucoside, Salix Nigra (Willow) Bark Extract, Xylitylglucoside, Anhydroxylitol, Sodium Benzoate, Xylitol, Propanediol, Santalum Album (Sandalwood) Wood Oil, Potassium Sorbate, Sodium Cocoyl Glutamate, Glucose, Citric Acid, Glyceryl Caprylate, Polyglyceryl-6 Oleate, Thymus Vulgaris Leaf Oil, Chlorella Vulgaris Extract, Sodium Surfactin, Lactic Acid, Sodium Lactate, Farnesol.	
","<span class=""product-rating rating stars-1""></span>"
11,Green Tea & Walnut Exfoliating Face Mask,"
	Ingredients

	
		Aqua (Water, Eau), Kaolin, Talc, Bentonite, Propylene Glycol, Magnesium Aluminum Silicate, Glycerin, Hydrated Silica, Juglans Regia (Walnut) Shell Powder, Hamamelis Virginiana (Witch Hazel) Water, Phenoxyethanol, Xanthan Gum, Parfum (Fragrance), Menthone Glycerin Acetal, Butylene Glycol, Ethylhexylglycerin, Sorbic Acid, 2-Bromo-2-Nitropropane-1,3-Diol, Camellia Sinensis Leaf Extract, Citric Acid, Linalool, Hexyl Cinnamal, Limonene, CI 19140 (Yellow 5), CI 42090 (Blue 1).	
","<span class=""product-rating rating stars-1""></span>"
12,Keep Your Balance Hydrating Toner,"
	Ingredients

	
		Water (Aqua), Alcohol, Butylene Glycol, Glycerin, Propylene Glycol, Hamamelis Virginiana (Witch Hazel) Water, Sodium Hyaluronate, Aloe Barbadensis Leaf Extract, Hexylene Glycol, Fructose, Glucose, Sucrose, Glutamic Acid, Aspartic Acid, Hexyl Nicotinate, Alanine, Dextrin, Urea, Coceth-7, PPG-1-PEG-9 Lauryl Glycol Ether, PEG-40 Hydrogenated Castor Oil, Sodium Citrate, Disodium EDTA, Benzoic Acid, Phenoxyethanol, Ethylhexylglycerin, Caprylyl Glycol, Fragrance (Parfum).	
","<span class=""product-rating rating stars-1""></span>"
13,Blackhead Eliminating Strip to Scrub,"
	Ingredients

	
		Active ingredient: Salicylic Acid (2%); Inactive ingredients: Polyvinyl Alcohol, Cellulose, Sodium C14-16 Olefin Sulfonate, Cocamidopropyl Hydroxysultaine, Glycerin, Water, Glycolic Acid, Menthol, Fragrance, Sodium Hydroxide, Menthyl Lactate, Disodium EDTA, Citric Acid, Yellow 5, Red 40.	
","<span class=""product-rating rating stars-1""></span>"
14,Squalane + Tea Tree Detox Mask,"
	Ingredients

	
		Water (Aqua), Montmorollinite, Illite, Squalane, Glycerin, Cetearyl Alcohol, Cetearyl Olivate, Sodium Lauroyl Lactylate, Kaolin, Sorbitan Olivate, Propanediol, Melaleuca Alternafolia (Tea Tree) Leaf Oil, Ocimum Sanctum Leaf Extract, Centella Asiatica Extract, Lavandula Angustifolia (Lavender) Oil, Camellia Sinensis Leaf Powder, Phenoxyethanol, Ethylhexylglycerin, Potassium Sorbate, Sodium Phytate, Linalool.	
","<span class=""product-rating rating stars-1""></span>"
15,Walnut Face Scrub,"
	Ingredients

	
		Water/Aqua/Eau, Juglans Regia (Walnut) Shell Powder, Cetyl Alcohol, Isopropyl Palmitate, Sodium Cocoyl Isethionate, Glyceryl Stearate, PEG-100 Stearate, Cetearyl Alcohol, Glycerin, Squalane, Polysorbate 60, Phenoxyethanol, Acrylates/C10-30 Alkyl Acrylate Crosspolymer, Panthenol, Aminomethyl Propanol, Chlorphenesin, Allantoin, Prunus Armeniaca (Apricot) Kernel Oil, Simmondsia Chinensis (Jojoba) Seed Oil, Xanthan Gum, Panax Ginseng Root Extract, Vaccinium Myrtillus Fruit Extract, Hydrolyzed Viola Tricolor Extract, Saccharum Officinarum (Sugarcane) Extract, Actinidia Chinensis (Kiwi) Seed Oil, Citrus Aurantium Dulcis (Orange) Fruit Extract, Citrus Limon (Lemon) Fruit Extract, Acer Saccharum (Sugar Maple) Extract, Ethylhexylglycerin, Sodium Hyaluronate.	
","<span class=""product-rating rating stars-1""></span>"
16,SUPERTONER Exfoliating Acid Solution,"
	Ingredients

	
		Water, Alcohol Denat., Propanediol, Mandelic Acid, Glycolic Acid, Salicylic Acid, Lactic Acid, Tartaric Acid, Pyruvic Acid, Charcoal Powder, Eucalyptus Globulus Leaf Powder, Eucalyptus Globulus Leaf, Hamamelis Virginiana (Witch Hazel) Extract, Algae Extract, Salix Alba (Willow) Bark Extract, Nylon-12, Aloe Barbadensis Leaf Juice, Mentha Piperita (Peppermint) Oil, Sodium Hydroxide, Citric Acid, Fragrance, Limonene, Linalool, Disodium EDTA, Phenoxyethanol, Mica, Titanium Dioxide (Ci 77891), Iron Oxides (Ci 77499).	
","<span class=""product-rating rating stars-1""></span>"
17,Blueberry & Acai Facial Scrub,"
	Ingredients

	
		Water (Aqua), Vaccinium Angustifolium (Blueberry) Fruit, Colloidal Oatmeal, Citric Acid, Malic Acid, Lactic Acid, Magnesium Aluminum Silicate, Cetyl Alcohol, Sodium Hydroxide, Cetearyl Alcohol, Butyrospermum Parkii (Shea) Butter, Stearyl Alcohol, Flavor, Polylactic Acid, Vaccinium Corymbosum (Blueberry) Seed, Euterpe Oleracea (Acai) Fruit Extract, Ceteareth-20, Cyamopsis Tetragonoloba (Guar) Gum, Xanthan Gum, Glycerin, Butylene Glycol, Leuconostoc/Aloe Barbadensis Leaf/Sorbus Aucuparia Fruit Ferment Filtrate, Daucus Carota Sativa (Carrot) Root Extract, Limnanthes Alba (Meadowfoam) Seed Oil, Urtica Dioica (Nettle) Extract, Acacia Senegal Flower/Stem Extract, Adansonia Digitata (Baobab) Extract, Rosmarinus Officinalis (Rosemary) Leaf Extract, Lavandula Angustifolia (Lavender) Flower Extract.	
","<span class=""product-rating rating stars-1""></span>"
18,Mint Chip Mania Cooling & Soothing Mask,"
	Ingredients

	
		Water (Aqua) (Eau), Glycerin, Cetearyl Alcohol, Caprylic/Capric Triglyceride, Beeswax (Cera Alba) (Cire d'abeille), Isohexadecane, Hydroxyethyl Urea, Cetyl Ethylhexanoate, Tocopheryl Acetate, Panthenol, Mentha Piperita (Peppermint) Leaf Extract, Aloe Barbadensis Leaf Juice, Butyrospermum Parkii (Shea) Butter, Camellia Sinensis Leaf Extract, Bentonite, Olea Europaea (Olive) Fruit Oil, Prunus Armeniaca (Apricot) Seed Powder, Caprylyl Glycol, PEG-100 Stearate, Polyacrylate-13, Ammonium Acryloyldimethyltaurate/VP Copolymer, Polysorbate 60, Glyceryl Stearate, Sorbitan Stearate, Polysorbate 20, Sodium Acrylates Crosspolymer-2, Polyisobutene, Butylene Glycol, Alcohol, Dimethicone, Triethoxycaprylylsilane, Cyclopentasiloxane, Cyclohexasiloxane, Disodium EDTA, Tetrasodium Pyrophosphate, Phenoxyethanol, Chlorphenesin, Ethylhexylglycerin, Potassium Sorbate, Sodium Benzoate, Citric Acid, Fragrance (Parfum), Flavor (Aroma), Titanium Dioxide (CI 77891), Iron Oxides (CI 77499), Blue 1 (CI 42090), Yellow 5 (CI 19140) .	
","<span class=""product-rating rating stars-1""></span>"
19,R + R Mask,"
	Ingredients

	
		Carthamus Tinctorius (Safflower) Seed Oil, Sucrose, Silica, Sesamum Indicum (Sesame) Seed Oil, Argania Spinosa (Argan) Kernel Oil, Caprylic/Capric Triglyceride, Hydrogenated Vegetable Oil, Tetrahexyldecyl Ascorbate (Vitamin C), Rosa Damascene (Bulgarian Rose) Flower Oil, Rosa Gallica (Rose) Flower Powder, Tocopherol (Vitamin E), Persea Gratissima (Avocado) Oil, Vitis Vinifera (Grape) Seed Oil, Tocopheryl (Vitamin E) Acetate, All Natural Fragrance, Phenoxyethanol, Ethylhexylglycerin.	
","<span class=""product-rating rating stars-1""></span>"
20,Overtime Mask,"
	Ingredients

	
		Water, Prunus Amygdalus Dulcis (Sweet Almond) Oil, Glycerin, Isopropyl Palmitate, Carthamus Tinctorius (Safflower) Seed Oil, Glyceryl Stearate SE, Cetearyl Alcohol, Ceteareth-20, Prunus Armeniaca (Apricot) Seed Powder, Beta-Carotene, Acrylates/Palmeth-25 Acrylate Copolymer, Avena Sativa (Oat) Kernel Protein, Cucurbita Pepo (Pumpkin) Seed Oil, Cucurbita Pepo (Pumpkin) Seed Extract, Chamomilla Recutita (Matricaria) Flower Extract, Lavandula Angustifolia (Lavender) Flower Extract, Melissa Officinalis Leaf Extract, Cinnamomum Cassia Leaf Oil, Eugenia Caryophyllus (Clove) Leaf Oil, Myristica Fragrans (Nutmeg ) Kernel Oil, Elettaria Cardamomum Seed Oil, Zingiber Officinale (Ginger) Root Oil, Tocopheryl (Vitamin E) Acetate, Xanthan Gum, Tetrasodium Glutamate Diacetate, Phenoxyethanol, Ethylhexylglycerin, Cinnamic Aldehyde, Eugenol.	
","<span class=""product-rating rating stars-1""></span>"
21,Face Wash with Tea Tree Oil,"
	Ingredients

	
		Castille soap (Water, Coconut Oil, Tall Oil, Potassium Hydroxide), Glycerin, Melaleuca Alternifolia (Tea Tree) Leaf Oil, Chamomilla Recutita (Matricaria) Flower Extract, Hydrastis Canadensis (Goldenseal) Root Extract, Hedychium Coronarium Root Extract (Awapuhi), Fucus Vesiculosus Extract (Bladderwrack), Cymbopogon Martinii Oil (Palmarosa), Citrus Aurantium Amara (Bitter Orange) Peel Oil, Lavandula Angustifolia (Lavender) Oil, Chamomilla Recutita (Matricaria) Flower Oil, Calendula Officinalis Flower Oil, Callitris Introtropica Wood Oil (Blue Cypress).	
","<span class=""product-rating rating stars-1""></span>"
22,Rose Water Facial Toner,"
	Ingredients

	
		Water (Aqua), Rosa Damascena Flower Water, Rosa Damascena Flower Oil, Hamamelis Virginiana (Witch Hazel) Leaf Water, Quillaja Saponaria Bark Extract, Glycerin, Phenoxyethanol, Citronellol, Geraniol, Hexyl Cinnamal, Linalool, Fragrance.	
","<span class=""product-rating rating stars-1""></span>"
23,Age Perfect Hydra-Nutrition Ultra-Nourishing Moisturizer,"
	Ingredients

	
		Water, Glycerin, Mineral Oil, Isocetyl Stearate, Hydrogenated Polyisobutene, Dimethicone, Butyrospermum Parkii, Cera Alba/Beeswax, Cetyl Alcohol, Glyceryl Stearate, PEG-100 Stearate, Mel/Honey, Camelina Sativa Seed Oil, Hydroxyethylpeperazine Ethane Sulfonic Acid, Rosa Canina Fruit Oil, Origanum Majorana Leaf Oil, Anthemis Nobilis Flower Oil, Prunus Armeniaca Kernel Oil/Apricot Kernel Oil, Citrus Aurantium Amara Flower Oil/Bitter Orange Flower Oil, Citrus Aurantium Dulcis Peel Oil/Orange Peel Oil, Zea Mays Oil/Corn Oil, Mel Extract/Honey Extract, Cera Microcristallina/Microcrystalline Wax, Paraffin, Royal Jelly Extract, Isobutane, Sorbitan Oleate, Sorbian Tristearate, Calcium Pantetheine Sulfonate, Copernicia Cerifera Cera/Carnauba Wax, Isohexadecane, Sodium Hydroxide, Ascorbyl Glucoside, Disodium EDTA, Propylene Glycol, Caprylyl Glycol, Citric Acid, Passiflora Edulis Seed Oil, Xanthan Gum, Polysorbate 80, Acrylamide/Sodium Acryloyldimethyltaurate Copolymer, Acrylonitrile/Methyl Methacrylate/Vinylidene Chloride Copolymer, Oryza Sativa Bran Oil/Rice Bran Oil, Tocopherol, Ascorbyl Palmitate, Propyl Gallate, Pentaerythrityl Tetra-Di-Butyl Hydroxyhydrocinnamide, Yellow 6, Yellow 5, Linalool, Geraniol, Eugenol, Coumarin, Limonene, Citral, Citronellol, Benzyl Alcohol, Fragrance.	
","<span class=""product-rating rating stars-1""></span>"
24,Lemon Exfoliating Slices,"
	Ingredients

	
		Water, Isononyl Isononanoate, Isostearyl Palmitate, Cetyl Ethylhexanoate, Cyclopentasiloxane, Pentaerythrityl Tetraethylhexanoate, Hexylene Glycol, PEG-6 Caprylic/Capric Glycerides, Phenoxyethanol, Fragrance, Sucrose Cocoate, Carbomer, PEG-4 Laurate, Sodium Hydroxide, Glycerin, Benzoic Acid, Dehydroacetic Acid, Citrus Limon (Lemon) Fruit Extract, Coco-Glucoside, Glyceryl Oleate, Ascorbyl Palmitate, Iodopropynyl Butylcarbamate, Ethylhexylglycerin.	
","<span class=""product-rating rating stars-1""></span>"
25,Lemon Juice Toner,"
	Ingredients

	
		Water, Butylene Glycol, PEG-4, Polysorbate 20, Oleth-30, Methylparaben, Sodium Chloride, Propylparaben, Disodium EDTA, Ceteth-15, Benzalkonium Chloride, Glycereth-26, Glycerin, Citrus Limon (Lemon) Fruit Extract, Choleth-15, Ascorbyl Palmitate, Sodium Hydroxide.	
","<span class=""product-rating rating stars-1""></span>"
26,Deep Action Peel Off Mask with Activated Charcoal,"
	Ingredients

	
		Water, Polyvinyl Alcohol, Alcohol Denat., Glycerin, Styrene/Acrylates Copolymer, Polyvinyl Acetate, 1,2-Hexanediol, Phenoxyethanol, Caprylyl Glycol, Cellulose Gum, Fragrance, Xanthan Gum, Alcohol, PVP, Disodium EDTA, Lactic Acid, Glycolic Acid, Butylene Glycol, Charcoal Powder, Black 2.	
","<span class=""product-rating rating stars-1""></span>"
27,Positively Radiant Maxglow Peel Off Mask,"
	Ingredients

	
		Water, Polyvinyl Alcohol, Alcohol Denat., Glycerin, Styrene/Acrylates Copolymer, Polyvinyl Acetate, 1,2-Hexanediol, Citric Acid, Glycolic Acid, Phenoxyethanol, Caprylyl Glycol, Cellulose Gum, Xanthan Gum, Fragrance, Actinidia Chinensis (Kiwi) Fruit Water, Alcohol, Butylene Glycol, Disodium EDTA, Aloe Barbadensis Leaf Water, Yeast Extract, Lycium Barbarum Fruit Extract, Glycine Soja (Soybean) Protein, Blue 1, Yellow 5.	
","<span class=""product-rating rating stars-1""></span>"
28,Clear Complexion Purely Matte Peel Off Mask,"
	Ingredients

	
		Water, Polyvinyl Alcohol, Alcohol Denat., Glycerin, Styrene/Acrylates Copolymer, Polyvinyl Acetate, 1,2-Hexanediol, Lactic Acid, Glycolic Acid, Phenoxyethanol, Caprylyl Glycol, Cellulose Gum, Xanthan Gum, Fragrance, Alcohol, Butylene Glycol, Punica Granatum Extract, Disodium EDTA, Lycium Barbarum Fruit Extract, Glycine Soja (Soybean) Protein, Blue 1, Yellow 5.	
","<span class=""product-rating rating stars-1""></span>"
29,Absolutely Ageless Pre-Tox Peel Off Mask,"
	Ingredients

	
		Water, Polyvinyl Alcohol, Alcohol Denat., Glycerin, Styrene/Acrylates Copolymer, Polyvinyl Acetate, 1,2-Hexanediol, Lactic Acid, Glycolic Acid, Phenoxyethanol, Tocopheryl Acetate, Gaprylyl Glycol, Cellulose Gum, Xanthan Gum, Fragrance, Mallodextrin, Alcohol, Butylene Glycol, Disodium EDTA, Peucedanum Graveolens (Dill) Extract, Rubus Fruticosus (Blackberry) Leaf Extract, Ext. Violet 2, Red 4.	
","<span class=""product-rating rating stars-1""></span>"
30,SkinActive Black Peel-Off Mask with Charcoal,"
	Ingredients

	
		Aqua/Water, Alcohol Denat., VP/VA Copolymer, Polyvinyl Alcohol, Glycerin, PEG-8, Ci 77499/Iron Oxides, Cellulose Gum, Charcoal Powder, Citric Acid, Polyglycerin-10, Polyglyceryl- 10 Myristate, Polyglyceryl-10 Stearate, Salicylic Acid, Sodium Dehydroacetate, Sodium Hydroxide, Xanthan Gum. Parfum/Fragrance.	
","<span class=""product-rating rating stars-1""></span>"
31,SkinActive Balancing Facial Mist with Green Tea,"
	Ingredients

	
		Aqua / Water, Alcohol Denat., Glycerin, Camellia Sinensis Leaf Extract, Sodium Hydroxide, Sodium Phytate, Caprylyl/Capryl, Glucoside, Maltodextrin, Salicylic Acid, Linalool, Limonene, Benzyl Alcohol, Benzyl Salicylate, Parfum/Fragrance.	
","<span class=""product-rating rating stars-1""></span>"
32,SkinActive Hydrating Facial Mist with Aloe Juice,"
	Ingredients

	
		: Aqua / Water, Alcohol Denat., Glycerin, Aloe Barbadensis Leaf, Juice Powder, Vitis Vinifera Fruit Water/Grape Fruit Water, Sodium Hydroxide, Sodium Phytate, Caprylyl/Capryl Glucoside, Salicylic Acid, Parfum/Fragrance.	
","<span class=""product-rating rating stars-1""></span>"
33,Witch Hazel Pore-Clarifying Toner,"
	Ingredients

	
		Active Ingredients: Salicylic Acid (2%). Inactive Ingredients: Water, Alcohol Denat., Isopropyl Alcohol, Hamamelis Virginiana (Witch Hazel) Water, Glycerin, Polysorbate 20, Sodium Hydroxide, Sodium Citrate, Alcohol, Citric Acid, Menthol, Benzophenone-4, Disodium EDTA, Fragrance, Red 4, Blue 1, Ext. Violet 2.	
","<span class=""product-rating rating stars-1""></span>"
34,Blue Agave + Baking Soda Whipped Nourishing Detox Mask,"
	Ingredients

	
		Water, Sodium Cocoylisethionate, Glycerin, Glycol Distearate Ethyoxydiglycol, PEG-6 Caprylic/Capric Glycerides, Cetyl Alcohol, PEG-12 Dimethicone, Sodium Lauroyl Lactylate, Acrylates/C10-30 Alkylacrylate Crosspolymer, Salicylic Acid, Sodium Benzoate, Xanthan Gum, Fragrance, Sodium Hydroxide, Menthol, Benzophenone-4, Sodium Bicarbonate, Blue 1, Agave Tequilana Leaf Extract, Ext. Violet 2.	
","<span class=""product-rating rating stars-1""></span>"
35,Rapid Rescue Treatment,"
	Ingredients

	
		Active: Salicylic Acid 2%. Inactive: Water, Alcohol Denat., Polysorbate 20, Dehydroxanthan Gum, Ammonium Glycyrrhizate, Panthenol, Ammonium Hydroxide, Bisabolol, Tetrasodium EDTA, Camellia Sinensis Leaf Extract, Hexylene Glycol.	
","<span class=""product-rating rating stars-1""></span>"
36,Lotion P50V-1970,"
	Ingredients

	
		Water (Aqua), Glycerin, Phenol, Lactic Acid, Magnesium Chloride,Vinegar (Acetum), Niacinamide, Salicylic Acid, Sodium Benzoate.	
","<span class=""product-rating rating stars-1""></span>"
37,Lotion P50-1970,"
	Ingredients

	
		Water (Aqua), Glycerin, Phenol, Niacinamide, Vinegar (Acetum), Ethoxydiglycol, Magnesium Chloride, Lactic Acid, Arctium Lappa Root (Burdock Root) Extract, Salicylic Acid, Sodium Benzoate, Sulfur.	
","<span class=""product-rating rating stars-1""></span>"
38,Alpha Grapefruit Cleansing Lotion,"
	Ingredients

	
		Aqua (Water, Eau), Propylene Glycol, Citrus Grandis (Grapefruit) Fruit Extract, Glycerin, Fucus Vesiculosus Extract, Aloe Barbadensis Leaf Juice, Citrus Limon (Lemon) Fruit Extract, Tilia Cordata Flower Extract, Parfum (Fragrance), Sodium Chloride, Benzyl Alcohol, Benzyl Salicylate, Citronellol, Eugenol, Geraniol, Hexyl Cinnamal, Limonene, Linalool, Hydroxyisohexyl 3-Cyclohexene Carboxaldehyde, CI 15985 (Yellow 6), CI 16035 (Red 40).	
","<span class=""product-rating rating stars-1""></span>"
39,Later Hater Spot Treatment,"
	Ingredients

	
		Isopropyl Alcohol, Water, Calamine, Talc, Sulfur, Zinc Oxide, Glycerin, Camphor, Salicylic Acid, Quartz, Titanium Dioxide (CI 77891).	
","<span class=""product-rating rating stars-1""></span>"
40,Keep Clear Clarifying Tonic,"
	Ingredients

	
		Water, Hamamelis Virginiana (Witch Hazel) Water, Butylene Glycol, Glycerin, Alcohol, Polysorbate 20, Panax Ginseng Root Extract, Salix Nigra (Willow) Bark Extract, Lactobacillus/Papaya Fruit Ferment Extract, Quartz, Citrus Limon (Lemon) Fruit Extract, Citrus Aurantium Dulcis (Orange) Fruit Extract, Melaleuca Alternifolia (Tea Tree) Leaf Oil, Eucalyptus Globulus Leaf Oil, Camellia Sinensis Leaf Extract, Saccharum Officinarum (Sugar Cane) Extract, Acer Saccharum (Sugar Maple) Extract, Helianthus Annuus (Sunflower) Seed Oil, Vaccinium Myrtillus Fruit Extract, Jania Rubens Extract, Allantoin, Sodium Carrageenan, Gluconolactone, Citric Acid, Tartaric Acid, Sodium Benzoate, Phenoxyethanol.	
","<span class=""product-rating rating stars-1""></span>"
41,Bergamot Herbal Extract Toner,"
	Ingredients

	
		Water,  Monarda Didyma Leaf Extract 8%,  Glycerin,  Alcohol Denat,  Butylene Glycol,  Salvia Officinalis (Sage) Leaf Extract,  Corchorus Olitorius Leaf Extract,  Betaine,  1, 2-Hexanediol,  Methylpropanediol,  Polyglutamic Acid,  Beta-Glucan,  Glyceryl Acrylate/Acrylic Acid Copolymer,  Propylene Glycol,  Avena Sativa (Oat) Kernel Extract,  Calendula Officinalis Flower Extract,  Nepeta Cataria Extract,  Rubus Idaeus (Raspberry) Leaf Extract,  Baptisia Tinctoria Root Extract,  Stellaria Media (Chickweed) Extract,  Portulaca Oleracea Extract,  Panthenol,  Sodium Hyaluronate,  Biosaccharide Gum-1,  Glycereth-26,  Bis-PEG-18 Methyl Ether Dimethyl Silane,  PEG/PPG/Polybutylene Glycol-8/5/3 Glycerin,  PEG/PPG-17/6 Copolymer,  PEG-40 Hydrogenated Caster Oil,  Hydroxypropyl Cyclodextrin,  Octyldodeceth-16,  Acrylates/C10-30 Alkyl Acrylate Crosspolymer,  Phenyl Trimethicone,  Tromethamine,  Trisodium EDTA,  Fragrance,  Citronellol,  Limonene.	
","<span class=""product-rating rating stars-1""></span>"
42,Pore Cleaner Bubble Foam,"
	Ingredients

	
		Water,  Cellulose,  Alcohol Denat.,  Butylene Glycol,  Methyl Perfluoroisobutyl Ether,  Methyl Perfluorobutyl Ether,  1, 2-Hexanediol,  Cyclohexasiloxane,  Moringa Oleifera Seed Oil,  Eucalyptus Globulus Leaf Extract,  Rosa Canina Fruit Extract,  Mentha Rotundifolia Leaf Extract,  Calendula Officinalis Flower Extract,  Rubus Idaeus (Raspberry) Leaf Extract,  Avena Sativa (Oat) Kernel Extract,  Nepeta Cataria Extract,  Baptisia Tinctoria Root Extract,  Stellaria Media (Chickweed) Extract,  Melaleuca Alternifolia (Tea Tree) Leaf Oil,  Citrus Aurantium Bergamia (Bergamot) Fruit Oil,  Pelgargonium Graveleons Flower Oil,  Rosmarinus Officinalis (Rosemary) Leaf Oil,  Eucalyptus Globulus Leaf Oil,  Citrus Aurantifolia (Lime) Oil,  PEG-8,  Coco-Glucoside,  Tromethamine,  Carbomer,  Acrylates/Beheneth-25 Methacrylate Copolymer,  PEG-60 Hydrogenated Castor Oil,  Methyl Gluceth-20,  Propanediol,  Dipropylene Glycol,  PEG/PPG-17/16 Copolymer,  Trisodium EDTA,  Perfluorohexane,  Perfluorohydrophenathrene,  Perfluorodecalin,  Perfluorodimethylcyclohexane,  Limonene.	
","<span class=""product-rating rating stars-1""></span>"
43,Mud Mask Purifying and Mattifying,"
	Ingredients

	
		Kaolin,  Water,  Glycerin,  Citrus Aurantium Dulcis (Orange) Peel Powder,  Capryloyl Glycine,  Magnesium Aluminum Silicate,  Glyceryl Undecylenate,  CI 77499 (Iron Oxides),  Phenoxyethanol,  Hydrogenated Palm Kernel Glycerides,  Fragrance,  Sodium Hydroxide,  Hydrogenated Palm Glycerides,  Magnesium Aspartate,  Zinc Gluconate,  Copper Gluconate.	
","<span class=""product-rating rating stars-1""></span>"
44,Pore Cleaner Moisturizer,"
	Ingredients

	
		Water,  Butylene Glycol,  Glycerin,  1, 2-Hexanediol,  Ethyl Isostearate,  Glycereth-26,  Alcohol Denat.,  Citrus Unshiu Peel Extract,  Panthenol,  Hydrogenated Polydecene,  Taraxacum Officinale (Dandelion) Rhizome/Root Extract,  Eucalyptus Globulus Leaf Extract,  Rosa Canina Fruit Extract,  Mentha Rotundfolia Leaf Extract,  Nepeta Cataria Extract,  Avena Sativa (Oat) Kernel Extract,  Rubus Idaeus (Raspberry) Leaf Extract,  Calendula Officinalis Flower Extract,  Stellaria Media (Chickweed) Extract,  Baptisia Tinctoria Root Extract,  Rosa Damascena Flower Extract,  Althaea Officinalis Root Extract,  Spiraea Ulmaria Root Extract,  Viola Tricolor Extract,  Alchemilla Vulgaris Leaf Extract,  Salvia Miltiorrhiza Root Extract,  Acorus Calamus Root Extract,  Glycyrrhiza Glabra (Licorice) Root Extract,  Angelica Gigas Root Extract,  Paeonia Suffruticosa Root Extract,  Xanthan Gum,  Trisodium EDTA,  Tromethamine,  Acrylates/C10-30 Acrylate Crosspolymer,  Citrus Aurantifolia (Lime) Oil,  Rosmarinus Officinalis (Rosemary) Leaf Oil,  Citrus Aurantium Bergamia (Bergamot) Fruit Oil,  Melaleuca Alternifolia (Tea Tree) Leaf Oil,  Eucalyptus Globulus Leaf Oil,  Pelargonium Graveolens Flower Oil,  Citral,  Citronellol,  Limonene,  Geraniol,  Linalool.	
","<span class=""product-rating rating stars-1""></span>"
45,Deep Clean Purifying Clay Cleanser/Mask,"
	Ingredients

	
		Active: Salicylic Acid 0.5%. Inactive: Water, Glycerin, Kaolin, Bentonite, Sodium Methyl Cocoyl Taurate, Trideceth-9, PEG-5 Ethylhexanoate, Xanthan Gum, Glycolic Acid, Citric Acid, Menthyl Lactate, Panthenol, Sodium Hydroxide, Fragrance, Sodium Citrate, Disodium EDTA, Titanium Dioxide, Green 3.	
","<span class=""product-rating rating stars-1""></span>"
46,Clearly Corrective Brightening & Exfoliating Daily Cleanser,"
	Ingredients

	
		Aqua/Water,  Sodium Cocoyl Glycinate,  Coco-Betaine,  Glycerin,  Acrylates Copolymer,  Perlite,  Sodium Chloride,  Phenoxyethanol,  Sodium Hydroxide,  Chlorphenesin,  Salicylic Acid,  Hydroxypropyl Tetrahydropyrantriol,  Propylene Glycol,  Lavandula Angustifolia Oil/Lavender Oil,  Disodium EDTA,  Linalool,  Butylene Glycol,  Citrus Aurantium Tachibana Peel Extract,  Paeonia Suffruticosa Root Extract,  Citric Acid.	
","<span class=""product-rating rating stars-1""></span>"
47,Daily Superfoliant,"
	Ingredients

	
		Microcrystalline Cellulose,  Sodium Bicarbonate,  Sodium Cocoyl Glutamate,  Sodium Myristoyl Glutamate,  Malic Acid,  Sodium Methyl Cocoyl Taurate,  Charcoal Powder,  Vinyl Dimethicone/Methicone Silsesquioxane Crosspolymer,  Maltodextrin,  Silica,  Magnesium Oxide,  Oryza Sativa (Rice) Bran Extract,  Polymethylsilsesquioxane,  Sapindus Trifoliatus Fruit Extract,  Niacinamide,  Citrus Aurantium Amara (Bitter Orange) Peel Oil,  Zingiber Officinale (Ginger) Root Extract,  Lavandula Angustifolia (Lavender) Oil,  Lavandula Hybrida Oil,  Camellia Sinensis Leaf,  Kappaphycus Alvarezii Extract,  Caesalpinia Spinosa Fruit Pod Extract,  Citrus Limon (Lemon) Peel Oil,  Rosmarinus Officinalis (Rosemary) Leaf Oil,  Salvia Officinalis (Sage) Oil,  Subtilisin,  Lipase,  Papain,  Lactic Acid,  Oryza Sativa (Rice) Starch,  Sodium Chloride,  Sodium Dehydroacetate,  Xanthan Gum,  Water/Aqua/Eau,  Coconut Acid,  Calcium Lactate,  Capryloyl Glycine,  Undecylenoyl Glycine,  Cetrimonium Chloride,  Limonene,  Linalool.	
","<span class=""product-rating rating stars-1""></span>"
48,Micro Magic Skin-Renewing Microdermabrasion Scrub,"
	Ingredients

	
		Water,  Pumice,  Caprylic/Capric Triglyceride,  Kaolin,  Glycerin,  Glyceryl Stearate,  Propanediol,  Aloe Barbadensis Leaf Juice,  PEG-100 Stearate,  Cetearyl Alcohol,  Panthenol,  Tocopherol,  Tocopheryl Acetate,  Chamomilla Recutita (Matricaria) Flower Extract,  Lavandula Angustfolia (Lavender) Flower Extract,  Vitis Vinifera (Grape) Seed Extract,  Camellia Sinensis Leaf Extract,  Butyrospermum Parkii (Shea) Butter,  Mentha Peperita (Peppermint) Oil,  Simmondsia Chinensis (Jojoba) Seed Oil,  Ricinus Communis (Castor) Seed Oil,  Glycine Soja (Soybean) Oil,  Papain,  Bromelain,  Allantoin,  Menthol,  Acacia Senegal Gum,  Xanthan Gum,  Ammonium Acryloyldimethyltaurate/VP Copolymer,  Menthyl Ethylamido Oxalate,  Sodium Stearoyl Lactylate,  Tetrasodium Glutamate Diacetate,  Maltodextrin,  Disodium EDTA,  Phenoxyethanol,  Ethylhexylglycerin,  Potassium Sorbate,  Sodium Benzoate,  Citric Acid,  Fragrance,  Titanium Dioxide,  Blue 1.	
","<span class=""product-rating rating stars-1""></span>"
49,Night Relaxing Detox Clay Mask,"
	Ingredients

	
		Water,  Kaolin,  Bentonite,  Glycerin,  Palmitic Acid,  Glyceryl Stearate SE,  1, 2-Hexanediol,  Stearic Acid,  Cetearyl Alcohol,  Caprylic/Capric Triglyceride,  Magnesium Aluminum Silicate,  Phenoxyethanol,  Caprylyl Glycol,  Xanthan Gum,  Fragrance,  Ethylhexylglycerin,  Tromethamine,  Disodium EDTA,  Butyrospermum Parkii (Shea) Butter,  Sucrose Cocoate,  Chondrus Crispus Extract,  Moringa Oleifera Seed Extract,  Citric Acid,  Titanium Dioxide,  Ultramarines,  Chromium Oxide Greens.	
","<span class=""product-rating rating stars-1""></span>"
50,YOUTHMUD Tinglexfoliate Treatment,"
	Ingredients

	
		Water, Montmorillonite, Kaolin, Magnesium Aluminum Silicate, Silica, Pumice, Camellia Sinensis Leaf, Cucumis Sativus (Cucumber) Fruit Extract, Chamomilla Recutita (Matricaria) Extract, Hedera Helix (Ivy) Extract, Symphytum Officinale (Comfrey) Leaf Extract, Camellia Oleifera Leaf Extract, Glycerin, Tocopherol Acetate, Calendula Officinalis Extract, Ethylhexylglycerin, Hexylene Glycol, Lavandula Hybrida (Lavandin) Oil, Caprylyl Glycol, PVP, Xanthan Gum, Fragrance, Hexyl Cinnamal, Linalool, Benzyl Benzoate, Limonene, Cinnamal, Clorphenesin, Phenoxyethanol.	
","<span class=""product-rating rating stars-1""></span>"
51,GinZing Ultra-Hydrating Energy-Boosting Cream,"
	Ingredients

	
		WaterAquaEau,  Caprylic/Capric Triglyceride,  Simmondsia Chinensis (Jojoba) Seed Oil,  C12-20 Acid PEG-8 Ester,  Glycerin,  Phenyl Trimethicone,  Caprylic/Capric/Myristic/Stearic Triglyceride,  Dimethicone,  Cetyl Alcohol,  Butylene Glycol,  Citrus Limon (Lemon) Peel Oil,  Citrus Grandis (Grapefruit) Peel Oil,  Mentha Viridis (Spearmint) Leaf Oil,  Citrus Aurantium Dulcis (Orange) Peel Oil,  Limonene,  Linalool,  Citral,  Castanea Sativa (Chestnut) Seed Extract,  Panax Ginseng (Ginseng) Root Extract,  Theobroma Grandiflorum Seed Butter,  Hordeum Vulgare (Barley) ExtractExtrait D'Orge,  Triticum Vulgare (Wheat) Germ Extract,  Salicylic Acid,  Coffea Arabica (Coffee) Seed Extract,  Ethylhexylglycerin,  Algae Extract,  Linoleic Acid,  Caffeine,  Pantethine,  Trehalose,  Folic Acid,  Phospholipids,  Tocopheryl Acetate,  Tocopherol,  Biotin,  Arginine,  Sodium Hyaluronate,  Sodium PCA,  Ammonium Acryloyldimethyltaurate/VP Copolymer,  Squalane,  Caprylyl Glycol,  PEG-100 Stearate,  Glyceryl Stearate,  Potassium Cetyl Phosphate,  Acrylates/C10-30 Alkyl Acrylate Crosspolymer,  Behenyl Alcohol,  Urea,  Xanthan Gum,  Carbomer,  Polyquaternium-51,  Sodium Hydroxide,  Disodium EDTA,  Phenoxyethanol.	
","<span class=""product-rating rating stars-1""></span>"
52,Acne Triple Clear Cleanser,"
	Ingredients

	
		Active: Salicylic Acid (2%) Other: Water,  Cocamidopropyl Hydroxysultaine,  Sodium Methyl Cocoyl Taurate,  Glycerin,  Sodium Chloride,  Sodium Hydrolyzed Potato Starch Dodecenylsuccinate,  Sodium Hydroxide,  Fragrance,  PEG-120 Methyl Glucose Dioleate,  Menthol,  C12-15 Alkyl Lactate,  Disodium EDTA,  Cocamidopropyl PG-Dimonium Chloride Phosphate,  Benzalkonium Chloride,  Aloe Barbadensis Leaf Extract,  Mentha Piperita (Peppermint) Leaf Extract.	
","<span class=""product-rating rating stars-1""></span>"
53,Hydro Boost Water Gel Lotion Sunscreen SPF 50,"
	Ingredients

	
		Active: Avobenzone 2.7%,  Homosalate 9%,  Octisalate 5%,  Octocrylene 9%,  Oxybenzone 4.5%. Inactive: Water,  Glycerin,  Alcohol Denat.,  Caprylyl Methicone,  Diisopropyl Adipate,  Silica,  Dicaprylyl Carbonate,  Dimethicone,  Polyurethane-62,  Phenoxyethanol,  Hydroxyacetophenone,  Pentylene Glycol,  Aluminum Starch Octenylsuccinate,  Sodium Acryloyldimethyltaurate/VP Crosspolymer,  Acrylates/Dimethicone Copolymer,  Glyceryl Stearate,  Fragrance,  Chlorphenesin,  Menthyl Lactate,  Tocopheryl Acetate,  Disodium EDTA,  Trideceth-6,  Hydrolyzed Hyaluronic Acid,  Sodium Hydroxide,  Violet 2,  Blue 1.	
","<span class=""product-rating rating stars-1""></span>"
54,Micropolishing Cleansing Infusion Hydrating Glow Facial Cleanser Crushed Ginger & Citrus Extract,"
	Ingredients

	
		Water,  Sodium Trideceth Sulfate,  Glycine Soja (Soybean) Oil,  Sodium Chloride,  Cocamidopropyl Betaine,  Hydrated Silica,  Trideceth-3,  Guar Hydroxypropyltrimonium Chloride,  Sodium Benzoate,  Xanthan Gum,  Fragrance,  Mineral Oil,  BHT,  Disodium EDTA,  Sodium Hydroxide,  Citric Acid,  Glyceryl Oleate,  Acrylates/C10-30 Alkyl Acrylate Crosspolymer,  Zingiber Officinale (Ginger) Root Extract,  Methylchloroisothiazolinone,  Verbena Officinalis Leaf Extract,  Citrus Grandis (Grapefruit) Fruit Extract,  Citrus Aurantium Bergamia (Bergamot) Fruit Extract,  Methylisothiazolinone,  Yellow 5.	
","<span class=""product-rating rating stars-1""></span>"
55,Blemish Bully Acne Spot Treatment,"
	Ingredients

	
		Active: 1.5% Salicylic Acid. Other: Water,  SD Alcohol 40-B,  Butylene Glycol,  Niacinamide,  Carbomer,  Octadecenedioic Acid,  Phenoxyethanol,  Aminomethyl Propanol,  Azelaic Acid,  Caffeine,  Sodium Ascorbyl Phosphate,  Glycerin,  Hamamelis Virginiana (Witch Hazel) Extract,  Eugenia Caryophyllus (Clove) Leaf Oil,  Eugenol,  Cucumis Sativus (Cucumber) Fruit Extract,  Origanum Vulgare Leaf Oil.	
","<span class=""product-rating rating stars-1""></span>"
56,Pure-Sugar Scrub Smooth & Glow,"
	Ingredients

	
		Sucrose,  Ethylhexyl Palmitate,  PEG-7 Glyceryl Cocoate,  Stearalkonium Hectorite,  Propylene Carbonate,  Silica,  Rosmarinus Officinalis (Rosemary) Extract,  Sorbitan Oleate,  Saccharide Hydrolysate,  Glycerin,  Gardenia Taitensis Flower,  Euterpe Oleracea Pulp Powder,  Helianthus Annuus Seed Oil/Sunflower Seed Oil,  Vitis Vinifera Seed Oil/Grape Seed Oil,  Cocos Nucifera Oil/Coconut Oil,  Propylene Glycol,  Capsicum Annuum Extract/Capsicum Annuum Fruit Extract,  Polysorbate 80,  Tocopherol,  Ci 61565/Green 6,  Caramel,  Linalool,  Limonene,  Citral,  Parfum/Fragrance.	
","<span class=""product-rating rating stars-1""></span>"
57,Pure-Sugar Scrub Purify & Unclog,"
	Ingredients

	
		Glycerin,  Propylene Glycol,  Sucrose,  Cymbopogon Schoenanthus Oil,  Actinidia Chinensis (Kiwi) Seed,  PEG-30 Dipolyhydroxystearate,  Saccharide Hydrolysate,  Trideceth-6,  Triethanolamine,  Mentha Piperita Oil/Peppermint Oil,  Acrylates/C10-30 Alkyl Acrylate Crosspolymer,  Ci 19140/Yellow 5,  Ci 61570/Green 5,  Caramel,  Linalool,  Limonene,  Parfum/Fragrance.	
","<span class=""product-rating rating stars-1""></span>"
58,Age Perfect Cell Renewal Rosy Tone Mask,"
	Ingredients

	
		Aqua/Water, Alcohol Denat., Dimethicone, Hydroxyethylpiperazine Ethane Sulfonic Acid, Carbomer, Butylene Glycol, Pumice, Sodium Hydroxide, Phenoxyethanol, Vaccinium Myrtillus Fruit Extract, Caprylyl Glycol, Xanthan Gum, Saccharum Officinarum Extract/Sugar Cane Extract, Ascorbyl Glucoside, Paeonia Albiflora Root Extract, Disodium EDTA, Parfum/Fragrance, Citrus Aurantium Dulcis Fruit Extract/Orange Fruit Extract, Citrus Limon Fruit Extract/Lemon Fruit Extract, Iris Florentina Root Extract, Acer Saccharum Extract/Sugar Maple Extract, Ci 14700/Red 4, Ci 19140/Yellow 5	
","<span class=""product-rating rating stars-1""></span>"
59,Stress Positive Eye Lift,"
	Ingredients

	
		Water/Aqua/Eau,  Dimethicone,  Pentylene Glycol,  Sorbitol,  Simmondsia Chinensis (Jojoba) Seed Oil,  Butylene Glycol,  Glycerin,  PEG-40 Hydrogenated Castor Oil,  Saccharomyces Ferment Lysate Filtrate,  Tephrosia Purpurea Seed Extract,  Hydrolyzed Sodium Hyaluronate,  Niacinamide,  Diglucosyl Gallic Acid,  Citrus Reticulata (Tangerine) Leaf Oil,  Ammonium Acryloyldimethyltaurate/VP Copolymer,  Maris Aqua,  Propanediol,  Sodium Hyaluronate,  Vetiveria Zizanoides Root Oil,  Lavandula Angustifolia (Lavender) Oil,  Rosa Damascena Flower Oil,  Salvia Sclarea (Clary) Oil,  Hydrolyzed Algin,  Aniba Rosaeodora (Rosewood) Wood Oil,  Cananga Odorata Flower Oil,  Glyceryl Stearate SE,  Methyl Lactate,  PEG-100 Stearate,  Acrylates/C10-30 Alkyl Acrylate Crosspolymer,  Tocopherol,  Sucrose,  Caprylic/Capric Triglyceride,  Ethylhexylglycerin,  Sodium Hydroxide,  Tetrasodium Glutamate Diacetate,  Aminomethyl Propanol,  Xanthan Gum,  Linalool,  Geraniol,  Phenoxyethanol.	
","<span class=""product-rating rating stars-1""></span>"
60,Capture Youth Matte Maximizer Age-Delay Mattifying Serum,"
	Ingredients

	
		Water,  Alcohol,  Dipropylene Glycol,  Glycerin,  Propylene Glycol,  Lactic Acid,  Hydroxyethyl Acrylate/Sodium Acryloyldimethyl Taurate Copolymer,  Betaine,  Cellulose,  Vinyl Dimethicone/Methicone Silsesquioxane Crosspolymer,  Phenoxyethanol,  Sodium Hydroxide,  PEG-60 Hydrogenated Castor Oil,  Zinc Gluconate,  Parfum (Fragrance),  Alcaligenes Polysaccharides,  Xanthan Gum,  Sodium Citrate,  Polysorbate 60,  Sorbitan Isostearate,  Kaolin,  Adenosine,  Sodium Tocopheryl Phosphate,  PEG-7 Glyceryl Cocoate,  Illite,  Sodium Metabisulfite,  Iron Oxides,  Synthetic,  Fluorphlogopite,  Polyquaternium-7,  Iris Florentina Root Extract,  BHT,  Methylsilanol,  Tri-PEG-8 Glyceryl Cocoate,  Tocopherol,  Red 4,  Violet 2,  Yellow 5.	
","<span class=""product-rating rating stars-1""></span>"
61,IBUKI Multi Solution Gel,"
	Ingredients

	
		Active: Salicylic Acid 0.5%. Inactive: Water,  Butylene Glycol,  SD Alcohol 40-B,  Dimethicone,  PEG/PPG-14/7 Dimethyl Ether,  PEG-240/HDI Copolymer Bis-Decyltetradeceth-20 Ether,  Glycyl Glycine,  PEG-60 Hydrogenated Castor Oil,  Silica,  Trehalose,  Sodium Chloride,  Gellan Gum,  Dipotassium Glycyrrhizate,  Serine,  Polyquaternium-51,  Paeonia Suffruticosa Root Extract,  Aesculus Hippocastanum (Horse Chestnut) Seed Extract,  Hydrogenated Lecithin,  Potassium Hydroxide,  Disodium EDTA,  Sodium Citrate,  Acrylates/C10-30 Alkyl Acrylate Crosspolymer,  Alcohol,  Citric Acid,  Glycerin,  BHT,  PEG-30 Soy Sterol,  Trisodium EDTA,  Phenoxyethanol,  Fragrance,  Yellow 5,  Blue 1.	
","<span class=""product-rating rating stars-1""></span>"
62,IBUKI Softening Concentrate,"
	Ingredients

	
		Water(Aqua/Eau),  Dipropylene Glycol,  Glycerin,  SD Alcohol 40-B (Alcohol Denat.),  PEG-8,  PEG/PPG-17/4 Dimethyl Ether,  Butylene Glycol,  Trehalose,  Phenoxyethanol,  PEG-60 Hydrogenated Castor Oil,  Hydrogenated Polydecene,  Isostearyl Alcohol,  Isostearic Acid,  Carbomer,  Betaine,  Erythritol,  PEG/PPG-14/7 Dimethyl Ether,  Alcohol,  Behenyl Alcohol,  Fragrance (Parfum),  Polyglyceryl-2 Diisostearate,  Xanthan Gum,  Sodium Stearoyl Glutamate,  Sodium Metaphosphate,  Potassium Hydroxide,  Stearyl Alcohol,  Phytosteryl/Octyldodecyl Lauroyl Glutamate,  Limonene,  Hexyl Cinnamal,  Butylphenyl Methylpropional,  Benzyl Benzoate,  Linalool,  Lamium Album Flower Extract,  Citrus Junos Seed Extract,  Tocopherol.	
","<span class=""product-rating rating stars-1""></span>"
63,Hello FAB Ginger & Turmeric Vitamin C Jelly Mask,"
	Ingredients

	
		Water, Butylene Glycol, Carbomer, Curcuma Longa (Turmeric) Root Extract, Selaginella Lepidophylla Extract, Zingiber Officinale (Ginger) Root Extract, Ascorbyl Glucoside, Beta Vulgaris (Beet) Root Extract, Glycyrrhiza Glabra (Licorice) Root Extract, Chrysanthemum Parthenium (Feverfew) Extract, Camellia Sinensis Leaf Extract, Alteromonas Ferment Filtrate, Glycerin, Hydrolyzed Corn Starch, Allantoin, Sodium PCA, Zingiber Officinale (Ginger) Root Oil, Thymus Vulgaris (Thyme) Flower/Leaf Oil, Myrtus Communis Oil, Eugenia Caryophyllus (Clove) Bud Oil, Eucalyptus Globulus Leaf Oil, Elettaria Cardamomum Seed Oil, Eugenia Caryophyllus (Clove) Leaf Oil, Citrus Limon (Lemon) Peel Oil, Citrus Aurantifolia (Lime) Oil, Biosaccharide Gum-1, Lactic Acid, P-Anisic Acid, Phenoxyethanol, Disodium EDTA, Lactobacillus Ferment, Sorbitan Oleate Decylglucoside Crosspolymer, Citric Acid, Sodium Hydroxide, Potassium Hydroxide, Terpineol Acetate, Linalyl Acetate, Geranyl Acetate, CI 75120 (Annatto).	
","<span class=""product-rating rating stars-1""></span>"
64,Immortelle Precious Cream,"
	Ingredients

	
		Water,  Glycerin,  Cetearyl Alcohol,  Dicaprylyl Ether,  Cetyl Alcohol,  Cetyl Palmitate,  Dimethicone,  Butyrospermum Parkii (Shea) Butter,  Octyldodecyl Myristate,  Myristyl Alcohol,  Corn Starch Modified,  Helianthus Annuus (Sunflower) Seed Extract,  Helichrysum Italicum Flower Oil,  Helichrysum Italicum Extract,  Oenothera Biennis (Evening Primrose) Oil,  Borago Officinalis Seed Oil,  Cetearyl Glucoside,  Myristyl Glucoside,  Xanthan Gum,  Adenosine,  Sucrose Palmitate,  Hydrogenated Coco-Glycerides,  Glyceryl Linoleate,  Octyldodecanol,  Carbomer,  Tocopheryl Acetate,  Ethylhexylglycerin,  Phenoxyethanol,  Hexyl Cinnmal,  Benzyl Salicylate,  Alpha-Isomethyl Ionone,  Linalool,  Citral,  Limonene.	
","<span class=""product-rating rating stars-1""></span>"
65,Charcoal Detox Cleansing Stick,"
	Ingredients

	
		Glycerin, Sodium Cocoyl Isethionate, Caprylic/Capric Triglyceride, Water/Eau, Lauryl Laurate, Polyglyceryl-10 Oleate, PEG-120 Methyl Glucose Dioleate, Fragrance/Parfum, Disodium Cocoyl Glutamate, Charcoal Powder, Sodium Stearate, Maltodextrin, Sand, Cellulose, Butylene Glycol, Cocamidopropyl Betaine, Sodium Cocoyl Glutamate, Phenoxyethanol, Caprylyl Glycol, Tocopheryl Acetate, Ethylhexylglycerin, Hexylene Glycol, Sodium Chloride, Glycolic Acid, Arginine, Hydroxypropyl Methylcellulose, Subtilisin, Tocopherol, Cynara Scolymus (Artichoke) Leaf Extract, Iron Oxides (Ci 77499).	
","<span class=""product-rating rating stars-1""></span>"
66,SkinActive Deep Pore Exfoliating Scrub with Green Tea,"
	Ingredients

	
		Aqua (Water), Glycerin, Propanediol, Caprylyl/Capryl Glucoside, Carrageenan, Coco-Betaine, Disodium Cocoyl Glutamate, Argania Spinosa Shell Powder, Perlite, Xanthan Gum, Sodium Chloride, Sodium Cocoyl Glutamate, Salicylic Acid, Citric Acid, Potassium Sorbate, Sodium Phytate, Linalool, Maltodextrin, Parfum (Fragrance), Benzyl Salicylate, Camellia Sinensis Leaf Extract, Dextrin, Alcohol, Propylene Glycol, Mentha Piperita Extract (Peppermint Extract)	
","<span class=""product-rating rating stars-1""></span>"
67,SkinActive Deep Pore Facial Cleanser with Green Tea,"
	Ingredients

	
		Aqua (Water), Glycerin, Propanediol, Caprylyl/Capryl Glucoside, Coco-Betaine, Disodium Cocoyl Glutamate, Xanthan Gum, Citric Acid, Sodium Chloride, Sodium Cocoyl Glutamate, Salicylic Acid, Potassium Sorbate, Sodium Phytate, Maltodextrin, Linalool, Benzyl Salicylate, Camellia Sinensis Leaf Extract, Alcohol, Parfum (Fragrance), Pentylene Glycol, Mentha Piperita Extract (Peppermint Extract).	
","<span class=""product-rating rating stars-1""></span>"
68,SkinActive Soothing Facial Mist with Rose Water,"
	Ingredients

	
		Aqua (Water), Glycerin, Alcohol Denat., Rosa Damascena Flower Water, Sodium Hydroxide, Sodium Phytate, Arginine, Propanediol, Caprylyl/Caprylyl Glucoside, Citric Acid, Salicylic Acid, Linalool, Parfum (Fragrance).	
","<span class=""product-rating rating stars-1""></span>"
69,Revitalizing Black Hydration Gel,"
	Ingredients

	
		Water,  Glycerin,  Dimethicone,  Butylene Glycol,  Glycereth-26,  Isononyl Isononanoate,  Lactobacillus/Punica Granatum Fruit Ferment Extract,  Lactobacillus Ferment,  Cyclopentasiloxane,  Menthyl Lactate,  Ammonium Acryloyldimethyltaurate/ VP Copolymer,  PEG-10 Dimethicone,  Carbomer,  Caprylyl Glycol,  1, 2-Hexanediol,  Sodium Polyacrylate,  Potassium Hydroxide,  Dimethiconol,  Glycolic Acid,  Dipotassium Glycyrrhizate,  Glycyrrhiza Glabra (Licorice) Root Extract,  Tocopheryl Acetate,  Charcoal Powder,  Sodium Hyaluronate,  Leuconostoc/Radish Root Ferment Filtrate,  Simmondsia Chinensis (Jojoba) Seed Extract,  Pelargonium Graveolens Flower Oil,  Ascorbyl Glucoside,  Epilobium Angustifolium Flower/Leaf/Stem Extract,  Ceteth-25,  Silica,  Oleth-10,  Citrus Paradisi (Grapefruit) Seed Extract,  Cynara Scolymus (Artichoke) Leaf Extract,  Xanthan Gum,  Titanium Dioxide (CI 77891),  Mica (CI 77019),  Iron Oxides (CI 77499)	
","<span class=""product-rating rating stars-1""></span>"
70,Hydro Boost Whipped Foam Cleanser,"
	Ingredients

	
		Water,  Cocamidopropyl Betaine,  Isobutane,  Glycerin,  Sodium Hydrolyzed Potato Starch Dodecenylsuccinate,  Decyl Glucoside,  Sodium Chloride,  Citric Acid,  Sodium Benzoate,  Fragrance,  Potassium Acrylates Copolymer,  Linoleamidopropyl PG-Dimonium Chloride Phosphate,  Disodium EDTA,  Sodium Hydroxide,  Hydrolyzed Hyaluronic Acid.	
","<span class=""product-rating rating stars-1""></span>"
71,Acne Proofing Whipped Foam Cleanser,"
	Ingredients

	
		Active: Salicylic Acid 2%. Inactive: Water,  Glycerin,  Cocamidopropyl Betaine,  Isobutane,  Methyl Gluceth-20,  Decyl Glycoside,  Sodium Chloride,  Potassium Acrylates Copolymer,  Sodium Hydroxide,  Fragrance,  Panthenol,  PEG-120 Methyl Glucose Dioleate,  Menthol,  Disodium EDTA.	
","<span class=""product-rating rating stars-1""></span>"
72,Future Rescue Repair Serum,"
	Ingredients

	
		WaterAquaEau,  Butylene Glycol,  Bis-PEG-18 Methyl Ether Dimethyl Silane,  Alcohol Denat.,  Biosaccharide Gum-1,  PEG-6,  Glycerin,  Acetyl Hexapeptide-8,  Sigesbeckia Orientalis (St. Paul's Wort) Extract,  Plankton Extract,  Algae Extract,  Lactobacillus Ferment,  Micrococcus Lysate,  Yeast ExtractFaexExtrait De Levure,  Scutellaria Baicalensis Root Extract,  Morus Nigra (Mulberry) Root Extract,  Lycium Chinense (Wolfberry) Fruit Extract,  Acetyl Glucosamine,  Vaccinium Macrocarpon (Cranberry) Fruit Extract,  Vaccinium Angustifolium (Blueberry) Fruit Extract,  Vitis Vinifera (Grape) Fruit Extract,  Camellia Sinensis (Green Tea) Leaf Extract,  Aminopropyl Ascorbyl Phosphate,  Ergothioneine,  Biosaccharide Gum-4,  Tocopheryl Acetate,  Caffeine,  Nylon-12,  Trehalose,  Sodium Hyaluronate,  Sucrose,  Polysorbate 20,  PEG-11 Methyl Ether Dimethicone,  Xanthan Gum,  Fragrance (Parfum),  Lecithin,  Ammonium Acryloyldimethyltaurate/VP Copolymer,  Citric Acid,  Silica,  Disodium EDTA,  BHT,  Phenoxyethanol.	
","<span class=""product-rating rating stars-1""></span>"
73,Clarifying Mask,"
	Ingredients

	
		Mel/Honey,  Kaolin,  Salvia Officinalis (Sage) Flower/Leaf/Stem Extract,  Lactobacillis / Rye Flour / Ferment,  L (+) Lactic Acid,  Salix Alba (Willow) Bark Extract,  Lavandula Angustifolia (Lavender) Flower/Leaf/Stem Water,  Maranta Arundinacea Root Extract,  Bentonite,  Aroma,  Glyceryl Undecylenate,  Pyrus Malus (Apple) Seed Oil,  Aqua/Water,  Glycerin,  Hydrated Silica,  Oenothera Biennis (Evening Primrose) Oil,  Santalum Spicatum (Sandalwood) Seed Oil,  Lannea Microcarpa Fruit Extract,  Tasmannia Lanceolata Fruit/Leaf Extract,  Chlorella Pyrenoidosa,  Vaccinium Myrtillus Fruit / Leaf Extract,  Gaultheria Procumbens (Wintergreen) Leaf Extract,  Saccharum Officinarum (Sugar Cane) Extract,  Citrus Aurantium Dulcis (Orange) Fruit Extract,  Citrus Limon (Lemon) Fruit Extract,  Acer Saccharum (Sugar Maple) Extract,  Olea Europaea (Olive) Oil,  Borago Officinalis (Borage) Oil,  Arnica Montana (Arnica) Extract,  Borago Officinalis (Borage) Leaf Extract,  Calendula Officinalis (Calendula) Flower Extract,  Medicago Sativa (Alfalfa) Extract,  Spiraea Ulmaria Flower Extract,  Sambucus Nigra Fruit Extract,  Alpha-Glucan Oligosaccharide,  Glyceryl Caprylate,  Sodium Citrate,  Sodium Phytate,  CI 77288,  Linalool,  Limonene,  Geraniol,  Citronellol,  Citral,  Eugenol,  Methyl Eugenol.	
","<span class=""product-rating rating stars-1""></span>"
74,Mega-Mushroom Skin Relief Soothing Treatment Lotion,"
	Ingredients

	
		WaterAquaEau; Butylene Glycol,  PEG-4,  Citrus Aurantium Dulcis (Orange) Oil,  Lavandula Angustifolia (Lavender) Oil,  Pogostemon Cablin (Patchouli) Oil,  Citrus Nobilis (Mandarin Orange) Peel Oil,  Pelargonium Graveolens Flower Oil,  Boswellia Carterii (Olibanum) Oil,  Limonene,  Linalool,  Citronellol,  Geraniol; Hippophae Rhamnoides Extract; Zingiber Officinale (Ginger) Root Extract,  Curcuma Longa (Turmeric) Root Extract,  Ganoderma Lucidum (Reishi Mushroom) Extract,  Fuscoporia Obliqua Extract,  Cordyceps Sinensis (Mushroom) Extract,  Ocimum Sanctum (Holy Basil) Leaf Extract,  Aloe Barbadensis Leaf Juice,  Helianthus Annuus (Sunflower) Seed Oil,  Silybum Marianum Fruit Extract,  Sucrose,  PEG-40 Hydrogenated Castor Oil,  Trideceth-9,  Glycerin,  Glycereth-26,  Sodium Hyaluronate,  Tocotrienols,  Pentylene Glycol,  Tocopherol,  Sodium Hydroxide,  Squalene,  Elaeis Guineensis (Palm) Oil,  Phytosterols,  Citric Acid,  Cellulose,  Potassium Sorbate,  Phenoxyethanol.	
","<span class=""product-rating rating stars-1""></span>"
75,Ultra Hydrating Makeup Remover Cleansing Towelettes,"
	Ingredients

	
		Water,  PPG-2 Isoceteth-20 Acetate,  Propylene Glycol,  Isoceteth-3 Acetate,  Cyclopentasiloxane,  Dimethicone,  Triethylhexanoin,  Hexylene Glycol,  Isoamyl Laurate,  Oryza Sativa (Rice) Lipids,  Ethylene Brassylate,  Acrylates/C10-30 Alkyl Acrylate Crosspolymer,  Tetrasodium EDTA,  Xanthan Gum,  Triethanolamine,  Phenoxyethanol,  Sodium Benzoate,  Benzyl Alcohol.	
","<span class=""product-rating rating stars-1""></span>"
76,H2 Elemental Energy Firming Foam Mask,"
	Ingredients

	
		Water,  Glycerin,  Sodium Cocoyl Isethionate,  Bentonite,  Cocamidopropyl Betaine,  Saccharide Isomerate,  Disiloxane,  Decyl Glucoside,  Betaine,  Dunaliella Salina Extract,  Phosphatidylcholine,  Sodium Borohydride,  Perfluorohexane,  Perfluoromethylcyclopentane,  Perfluorodecalin,  Disodium Adenosine Triphosphate,  Octyldodecyl PCA,  Menthyl PCA,  Algin,  Carica Papaya Fruit Extract,  PEG-40 Hydrogenated Castor Oil,  Coconut Acid,  Sodium Chloride,  1, 2-Hexanediol,  Caprylyl Glycol,  PEG-150 Pentaerythrityl Tetrastearate,  Xanthan Gum,  Acrylates/C10-30 Alkyl Acrylate Crosspolymer,  Sodium Isethionate,  Butylene Glycol,  PEG-6 Caprylic/Capric Glycerides,  Potassium Hydroxide,  Disodium EDTA,  Sodium Hydroxide,  Citric Acid,  Sodium Citrate,  Phenoxyethanol.	
","<span class=""product-rating rating stars-1""></span>"
77,Makeup Remover + Cream Cleanser,"
	Ingredients

	
		Water,  Dimethicone,  Cyclopentasiloxane,  Glycerin,  Isoamyl Laurate,  Triethylhexanoin,  Oryza Sativa (Rice) Lipids,  Caprylic/Capric Triglyceride,  Ethylene Brassylate,  Sodium Acrylates Copolymer,  Acrylates/C10-30 Alkyl Acrylate Crosspolymer,  Phenoxyethanol,  Methylparaben,  Ethylparaben.	
","<span class=""product-rating rating stars-1""></span>"
78,Acne Triple Cleanse Exfoliating Scrub,"
	Ingredients

	
		Active Ingredient: Salicylic Acid (2%). Inactive Ingredients: Water,  Sodium C14-16 Olefin Sulfonate,  Cocamidopropyl Hydroxysultaine,  Sorbitol,  Cellulose,  Sodium Hydrolyzed Potato Starch Dodecenylsuccinate,  Acrylates Crosspolymer-4,  Sodium Hydroxide,  Fragrance,  Microcrystalline Wax,  Menthol,  C12-15 Alkyl Lactate,  Benzalkonium Chloride,  Disodium EDTA,  Glycerin,  Cocamidopropyl PG-Dimonium Chloride Phosphate,  Aloe Barbadensis Leaf Extract,  Mentha Piperita (Peppermint) Leaf Extract,  Ferric Ferrocyanide	
","<span class=""product-rating rating stars-1""></span>"
79,Ultimune Eye Power Infusing Eye Concentrate,"
	Ingredients

	
		Water (Aqua),  Dimethicone,  Glycerin,  Dipropylene Glycol,  SD Alcohol 40-B (Alcohol Denat.),  Sorbitol,  Xylitol,  Methyl Gluceth-10,  Sodium Chloride,  PEG-10 Dimethicone,  PEG/PPG-19/19 Dimethicone,  Hydrogenated Polyisobutene,  Phenoxyethanol,  Cetyl Ethylhexanoate,  Erythritol,  Nylon-12,  Cellulose Gum,  Tocopheryl Acetate,  PEG/PPG-14/7 Dimethyl Ether,  PEG/PPG-17/4 Dimethyl Ether,  Rosa Damascena Flower Water,  Fragrance (Parfum),  Butylene Glycol,  Tocopherol,  Trisodium EDTA,  Ectoin,  Linalool,  Sodium Metabisulfite,  Geraniol,  Ginkgo Biloba Leaf Extract (Ginkgo Biloba),  Citronellol,  Sodium Carboxymethyl Beta-Glucan,  Thymus Serpillum Extract,  Perilla Ocymoides Leaf Extract.	
","<span class=""product-rating rating stars-1""></span>"
80,Moisture Bomb The Super Hydrating Sheet Mask Anti-Fatigue,"
	Ingredients

	
			
","<span class=""product-rating rating stars-1""></span>"
81,Hydro-Glow Aqua Peel,"
	Ingredients

	
		RETEXTURIZING SWAB: Water/Aqua/Eau, Alcohol, Lactic Acid, Tromethamine, Dipropylene Glycol, Glycerin, Glycolic Acid, Citric Acid, Sodium Citrate, Sodium Hyaluronate, Pyrus Malus (Apple) Fruit Extract, Citrus Paradisi (Grapefruit) Fruit Extract, Citrus Aurantifolia (Lime) Fruit Extract, Citrus Limon(Lemon) Fruit Extract, Vaccinium Angustifolium (Blueberry) Fruit Extract, Glycyrrhiza Glabra (Licorice) Root Extract, Rubus Idaeus (Raspberry) Fruit Extract, Solanum Lycopersicum (Tomato) Fruit Extract, Morus Alba Bark Extract, Camellia Sinensis Leaf Extract, Portulaca Oleracea Extract, Hamamelis Virginiana (Witch Hazel) Extract, Erythritol, Allantoin, Butylene Glycol, Ethyl Hexanediol, 1, 2-Hexanediol, Trehalose, Hydroxyethyl Urea, Methylpropanediol, Glycereth-26, PEG-60 Hydrogenated Castor Oil, Disodium EDTA, Ethylhexylglycerin, Phenoxyethanol, Fragrance (Parfum) MOISTURE INFUSION MASK: Water/Aqua/Eau, Glycerin, Niacinamide, Alcohol, Sodium Hyaluronate, Aloe Barbadensis Leaf Extract, Malva Sylvestris (Mallow) Extract, Mentha Piperita (Peppermint) Leaf Extract, Primula Veris Extract, Alchemilla Vulgaris Extract, Veronica Officinalis Extract, Melissa Officinalis Leaf Extract, Achillea Millefolium Extract, Butylene Glycol, Ethyl Hexanediol, Trehalose, Allantoin, Xanthan Gum, Carbomer, Triethanolamine, PEG-60 Hydrogenated Castor Oil, Disodium EDTA, Ethylhexylglycerin, Phenoxyethanol, Fragrance (Parfum)	
","<span class=""product-rating rating stars-1""></span>"
82,Energie de Vie Eye Illuminating & Cooling Anti-Fatigue Cooling Eye Gel,"
	Ingredients

	
		Water,  Glycerin,  Alcohol Denat.,  Niacinamide,  Melissa Officinalis Flower/Leaf/Stem Water,  Dimethicone,  Betaine,  Isononyl Isononanoate,  Ci 77891 / Titanium Dioxide,  Ci 19140 / Yellow 5,  Ci 42090 / Blue 1,  T-Butyl Alcohol,  Tocopherol,  Mica,  Vaccinium Macrocarpon (Cranberry) Seed Oil,  Ascorbyl Glucoside,  Sodium Acrylates Crosspolymer-2,  Phenoxyethanol,  Caffeine,  Arginine,  Trisodium Ethylenediamine Disuccinate,  Chlorphenesin,  Silica Silylate,  Salicylic Acid,  Silica,  Melissa Officinalis Leaf Oil,  Ammonium Polyacryloyldimethyl Taurate,  Dimethiconol,  Limonene,  Xanthan Gum,  Menthoxypropanediol,  Panax Ginseng Root Extract Propanediol,  Phospholipids,  Biosaccharide Gum-1,  Carbomer,  Citric Acid,  Citral,  Dextrin,  Oryza Sativa Extract / Rice Extract,  Fragrance.	
","<span class=""product-rating rating stars-1""></span>"
83,Rapid Relief Acne Spot Treatment,"
	Ingredients

	
		Active: Salicylic Acid (2%). Other: Water, Alcohol, Hamamelis Virginiana (Witch Hazel) Water, Propanediol, Pentylene Glycol, Glycerin, Silica, Butylene Glycol, Polyacrylate Crosspolymer-6, C12-15 Alkyl Lactate, Aesculus Hippocastanum (Horse Chestnut) Seed Extract, Avena Sativa (Oat) Kernel Extract, Urea, Yeast Amino Acids, Trehalose, Inositol, Taurine, Betaine, Thymol, Terpineol, Hydroxyphenyl Propamidobenzoic Acid, Shea Butter Ethyl Esters, 4-T-Butylcyclohexanol, Disodium EDTA, Sodium Hydroxide.	
","<span class=""product-rating rating stars-1""></span>"
84,Rose Deep Hydration Facial Toner,"
	Ingredients

	
		Water,  Glycerin,  Butylene Glycol,  Rosa Centifolia Flower,  Rosa Damascena Flower Water,  Rosa Multiflora Fruit Extract,  Angelica Keiskei Extract,  Rosa Damascena Flower Oil,  Sodium Hyaluronate,  PEG-150,  PPG-26-Buteth-26,  PEG-40 Hydrogenated Castor Oil,  Sodium Citrate,  Xanthan Gum,  Citric Acid,  BHT,  Fragrance,  Phenoxyethanol,  Citronellol,  Geraniol.	
","<span class=""product-rating rating stars-1""></span>"
85,Water Fuse Ultimate Hydro Gel,"
	Ingredients

	
		Water,  Propanediol,  Glycerin,  Glycereth-26,  Glyceryl Polymethacrylate,  Niacinamide,  Cyclopentasiloxane,  1, 2-Hexanediol,  Propylene Glycol,  Dimethicone,  Cetearyl Olivate,  Polypropylsilsesquioxane,  Sorbitan Olivate,  Cyclohexasiloxane,  Diisostearyl Malate,  Tromethamine,  Carbomer,  Hydroxyacetophenone,  PEG-2M,  Acrylates/C10-30 Alkyl Acrylate Crosspolymer,  Hydrogenated Lecithin,  Sucrose Distearate,  Adenosine,  Sodium Hyaluronate,  Disodium EDTA,  Butylene Glycol,  Melia Azadirachta Leaf Extract,  Melia Azadirachta Flower Extract,  Phenoxyethanol,  Citrus Grandis (Grapefruit) Peel Oil,  Amino Esters-1,  Coptis Japonica Root Extract,  Zinc Gluconate,  Magnesium Aspartate,  Coccinia Indica Fruit Extract,  Solanum Melongena (Eggplant) Fruit Extract,  Aloe Barbadensis Flower Extract,  Citrus Aurantium Dulcis (Orange) Peel Oil,  Onsen-Sui,  Simmondsia Chinensis (Jojoba) Seed Oil,  Lawsonia Inermis (Henna) Extract,  Copper Gluconate,  Ocimum Sanctum Leaf Extract,  Corallina Officinalis Extract,  Curcuma Longa (Turmeric) Root Extract,  Boswellia Carterii Oil,  Pelargonium Graveolens Flower Oil,  Citrus Paradisi (Grapefruit) Peel Oil,  Amyris Balsamifera Bark Oil,  Maltodextrin,  Hydrolyzed Vegetable Protein,  Sodium Glycerophosphate, Sodium Lactate,  Potassium Magnesium Aspartate,  Polysorbate 20,  Calcium Gluconate,  Magnesium Gluconate,  Caprylyl Glycol,  Cinchona Succirubra Bark Extract,  Abronia Villosa Leaf Extract,  Aloe Barbadensis Leaf Extract,  Psidium Guajava Leaf Extract,  Rhodiola Rosea Root Extract,  Palmitoyl Oligopeptide,  Palmitoyl Tetrapeptide-7,  Hydrolyzed Hyaluronic Acid.	
","<span class=""product-rating rating stars-1""></span>"
86,Water Fuse Hydro Sleep Mask,"
	Ingredients

	
		Water,  Glycerin,  Dimethicone,  Butylene Glycol,  Propanediol,  PEG/PPG-17/6 Copolymer,  Niacinamide,  Cyclopentasiloxane,  Cetyl Ethylhexanoate,  Cetearyl Olivate,  Cyclohexasiloxane,  Carbomer,  Sorbitan Olivate,  Ammonium Acryloyldimethyltaurate/VP Copolymer,  Tromethamine,  Dimethiconol,  Xanthan Gum,  Dimethicone/Vinyl Dimethicone Crosspolymer,  Phenoxyethanol,  Chlorphenesin,  Ethylhexylglycerin,  Caprylyl Glycol,  Adenosine,  Alcohol,  Disodium EDTA,  Melia Azadirachta Leaf Extract,  Citrus Grandis (Grapefruit) Peel Oil,  Melia Azadirachta Flower Extract,  Amino Esters-1,  Sodium Hyaluronate,  Coccinia Indica Fruit Extract,  Eucalyptus Globulus Leaf Oil,  Solanum Melongena (Eggplant) Fruit Extract,  Citrus Aurantium Dulcis (Orange) Peel Oil,  Aloe Barbadensis Flower Extract,  Lawsonia Inermis (Henna) Extract,  Curcuma Longa (Turmeric) Root Extract,  Citrus Paradisi (Grapefruit) Peel Oil,  Corallina Officinalis Extract,  Boswellia Carterii Oil,  Pelargonium Graveolens Flower Oil,  Ocimum Sanctum Leaf Extract,  Amyris Balsamifera Bark Oil,  Mineral Salts,  Onsen-Sui,  Maltodextrin,  Hydrolyzed Vegetable Protein,  1, 2-Hexanediol,  Sodium Glycerophosphate,  Sodium Lactate,  Potassium Magnesium Aspartate,  Polysorbate 20,  Calcium Gluconate,  Magnesium Gluconate,  Psidium Guajava Leaf Extract,  Cinchona Succirubra Bark Extract,  Aloe Barbadensis Leaf Extract,  Abronia Villosa Leaf Extract,  Rhodiola Rosea Root Extract,  Palmitoyl Oligopeptide,  Palmitoyl Tetrapeptide-7,  Hydrolyzed Hyaluronic Acid.	
","<span class=""product-rating rating stars-1""></span>"
87,B6 Vitamin-Infused Complexion Prep Priming Spray,"
	Ingredients

	
		Aqua / Water, Alcohol Denat., Hydrolyzed Corn Starch, Phenoxyethanol, Propanediol, Xylityl Phosphate, Polyhydroxystearic Acid, Salix Nigra Bark Extract / Willow Bark Extract, Menthyl Ethylamido Oxalate, Glycereth-5 Lactate, Xylitol, Isononyl Isononanoate, Ethylhexyl Isononanoate, Sodium Cocamidopropyl PG-Dimonium Chloride Phosphate, Silica, Pyridoxine Cyclic Phosphate, Panthenol, Sodium Hydroxide, Ethylhexylglycerin, Tocopheryl Acetate, Hydrolyzed Soy Protein, Fructan, Phenylpropanol, Methyl Diisopropyl Propionamide, Caprylyl Glycol, Parfum / Fragrance, Butylene Glycol, Coconut Acid, Aloe Barbadensis Leaf Juice Powder, Maltodextrin, Tocopherol, Potassium Sorbate, Sodium Benzoate.	
","<span class=""product-rating rating stars-1""></span>"
88,Modern Friction Cleansing Oil with Radiance-Boosting White & Purple Rice,"
	Ingredients

	
		Glycereth-26,  Glycine Soja (Soybean) Oil,  PEG-25 Glyceryl Trioleate,  Polysorbate 85,  PEG-12 Diisostearate,  Citrus Limon (Lemon) Peel Oil,  Citrus Aurantium Dulcis (Orange) Peel Oil,  Citrus Grandis (Grapefruit) Peel Oil,  Mentha Viridis (Spearmint) Leaf Oil,  Citrus Aurantium Bergamia (Bergamot) Fruit Oil,  Ricinus Communis (Castor) Seed Oil,  Cucumis Sativus (Cucumber) Fruit Extract,  Cinnamomum Camphora (Camphor) Leaf Extract,  Limonene,  Linalool,  Citral,  Sorbitan Trioleate,  Oryza Sativa (Rice) Bran Oil,  Oryza Sativa (Rice) Extract,  Butylene Glycol,  Tocopheryl Acetate,  Benzophenone-4,  Tocopherol,  Dextrin,  WaterAquaEau,  Yellow 5 (CI 19140),  Red 33 (CI 17200),  Ext. Violet 2 (CI 60730).	
","<span class=""product-rating rating stars-1""></span>"
89,Modern Friction Cleansing Stick with Exfoliating Rice,"
	Ingredients

	
		Sodium Cocoyl Isethionate,  Cocos Nucifera (Coconut) Oil,  Glycerin,  WaterAquaEau,  Myristic Acid,  Potassium Hydroxide,  Microcrystalline Cellulose,  Sodium Cocoamphoacetate,  PEG-120 Methyl Glucose Dioleate,  Sodium Lauroyl Lactylate,  Sodium Chloride,  Lauric Acid,  Cellulose,  Stearyl Alcohol,  Citrus Limon (Lemon) Peel Oil,  Citrus Aurantium Dulcis (Orange) Peel Oil,  Citrus Grandis (Grapefruit) Peel Oil,  Mentha Virdis (Spearmint) Leaf Oil,  Citrus Aurantium Bergamia (Bergamot) Fruit Oil,  Ricinus Communis (Castor) Seed Oil,  Cucumis Sativus (Cucumber) Fruit Extract,  Cinnamomum Camphora (Camphor) Leaf Extract,  Limonene,  Linalool,  Citral,  Sodium Methyl Cocoyl Taurate,  Oryza Sativa (Rice) Extract,  Oryza Sativa (Rice) Powder,  Oryza Sativa (Rice) Starch,  Glyceryl Oleate,  Sodium Cocoyl Glutamate,  Coco-Glucoside,  Caprylyl Glycol,  Hydroxyethylcellulose,  Phenoxyethanol,  Titanium Dioxide (CI 77891).	
","<span class=""product-rating rating stars-1""></span>"
90,"Original Cleansing Cream, Jar","
	Ingredients

	
		Water,  Stearic Acid,  Linum Usitatissimum (Linseed) Seed Oil,  Glycine Soja (Soybean) Oil,  Eucalyptus Globulus Leaf Oil,  Fragrance,  Propylene Glycol,  Gelatin,  Camphor,  Ammonium Hydroxide,  Phenol,  Calcium Hydroxide,  Menthol,  Sodium Bicarbonate,  Calcium Chloride,  Magnesium Sulfate,  Potassium Chloride.	
","<span class=""product-rating rating stars-1""></span>"
91,Sake Hydrating and Brightening Essence,"
	Ingredients

	
		Saccharomyces Ferment Filtrate,  Methyl Gluceth-20,  Pentylene Glycol,  Dipropylene Glycol,  PPG-26-Buteth-26,  Lactobacillus Ferment,  Glycerin,  Water/Aqua/Eau,  PEG-40 Hydrogenated Castor Oil,  Caffeine,  Menthyl Lactate,  Lactobacillus/Punica Granatum Fruit Ferment Extract,  Acrylates/Vinyl Isodecanoate Crosspolymer,  Hydrolyzed Corn Starch,  Beta Vulgaris (Beet) Root Extract,  Caprylyl Glycol,  1, 2-Hexanediol,  Sodium Citrate,  Butylene Glycol,  Dipotassium Glycyrrhizate,  Allantoin,  Trisodium Ethylenediamine Disuccinate,  Sodium Hydroxide,  Lactic Acid,  Simmondsia Chinensis (Jojoba) Seed Extract,  Leuconstoc/Radish Root Ferment Filtrate,  Maltodextrin,  Epilobium Angustifolium Flower/Leaf/Stem Extract,  Rosa Damascena Flower Oil,  Rosmarinus Officinalis (Rosemary) Leaf Oil,  Aloe Barbadensis Leaf Juice Powder,  P-Anisic Acid,  Sea Whip Extract	
","<span class=""product-rating rating stars-1""></span>"
92,Stridex Sensitive Soft Touch Pads with Aloe,"
	Ingredients

	
		Active Ingredient: Salicylic Acid 0.5%. Inactive Ingredients: Aloe Barbadensis Leaf Juice (Decolorized), Ammonium Lauryl Sulfate, Ammonium Xylenesulfonate, Citric Acid, DMDM Hydantoin, Fragrance, Hamamelis Virginiana (Witch Hazel) Extract, Menthol, PPG-5-Cetheth-20, Purified Water, Simethicone, Sodium Borate, Tetrasodium EDTA.	
","<span class=""product-rating rating stars-1""></span>"
93,Blemish Control Apricot Scrub,"
	Ingredients

	
		Active Ingredient: Salicylic Acid 2.0%. Inactive Ingredients: Water (Aqua),  Juglans Regia (Walnut) Shell Powder,  Glycol Stearate SE,  Glycerin,  Sodium Lauryl Sulfoacetate,  Zea Mays (Corn) Kernel Meal,  Cocamidopropyl Betaine,  Cetearyl Alcohol,  Triethanolamine,  Cetyl Alcohol,  Glyceryl Stearate,  PEG-100 Stearate,  Prunus Armeniaca (Apricot) Fruit Extract,  Cetyl Acetate,  Ceteareth-20,  Carbomer,  Polysorbate 60,  Acetylated Lanolin Alcohol,  Fragrance (Parfum),  PPG-2 Methyl Ether,  Phenethyl Alcohol,  Methylisothiazolinone,  Titanium Dioxide (CI 77891).	
","<span class=""product-rating rating stars-1""></span>"
94,Blackhead Clearing Green Tea Scrub,"
	Ingredients

	
		Active Ingredient: Salicylic Acid 2.0%. Inactive Ingredients: Water (Aqua),  Juglans Regia (Walnut) Shell Powder,  Glycol Stearate SE,  Glycerin,  Sodium Lauryl Sulfoacetate,  Zea Mays (Corn) Kernel Meal,  Cocamidopropyl Betaine,  Cetearyl Alcohol,  Triethanolamine,  Cetyl Alcohol,  Glyceryl Stearate,  PEG-100 Stearate,  Prunus Armeniaca (Apricot) Fruit Extract,  Cetyl Acetate,  Ceteareth-20,  Carbomer,  Polysorbate 60,  Acetylated Lanolin Alcohol,  Fragrance (Parfum),  PPG-2 Methyl Ether,  Phenethyl Alcohol,  Methylisothiazolinone,  Titanium Dioxide (CI 77891).	
","<span class=""product-rating rating stars-1""></span>"
