,use_category,use_subcategory,skintype,brand,product,size,price,details,ingredients,ratings,perc_respondrec,total_reviews,link,page
0,cleanser,face wash,dry,StriVectin,Comforting Cream Cleanser,Size 5 oz|,"Price
$29.00","Comforting Creamy Cleanser from StriVectin is infused with a nourishing and replenishing blend of Olive Oil and Evening Primrose Extract. This rich cleanser leaves skin soft, smooth, and radiant.

Benefits:
Ultra-gentle cleansing cream formulated for all skin types
Nourishes, smooths, and supports skin with Olive Oil, Evening Primrose Extract, and NIA-114
Leaves skin soft, radiant, and moisturized","Water/Aqua/Eau, Octyldodecanol, Propylene Glycol Dipelargonate, Butylene Glycol, Polybutene, Stearic Acid, Cetyl Alcohol, Olea Europaea (Olive) Fruit Oil, Polysorbate 40, Potassium Cetyl Phosphate, Glyceryl Stearate, Diisostearyl Malate, Glycerin, Dimethicone, Myristyl Nicotinate, Oenothera Biennis (Evening Primrose) Oil, Sodium PCA, Sodium Hyaluronate, Butyrospermum Parkii (Shea) Butter, Trehalose, Sodium Lauroyl Sarcosinate, Jojoba Esters, Hydrogenated Vegetable Oil, Sorbitan Sesquioleate, Isostearyl Alcohol, Polyquaternium-51, Urea, Triacetin, Caprylyl Glycol, Pelargonic Acid, Tocopherol, Potassium Stearate, Hexylene Glycol, Disodium EDTA, Malic Acid, Fragrance/Parfum, Triethanolamine, Carbomer, Ethylhexylglycerin, Phenoxyethanol, CI 77891 (Titanium Dioxide).",4.7,,48 Reviews,https://www.ulta.com/comforting-cream-cleanser?productId=pimprod2005487,3
1,cleanser,face wash,dry,Leaders,Labotica Hinoki Cypress Brightening Cleansing Foam,Size 5.07 oz|,"Price
$10.00","Leaders Labotica Hinoki Cypress Brightening Cleansing Foam is a moisturizing cleansing foam that makes the skin feel fresh and revitalized. With ingredients such as Chamaecyparis Obtusa Leaf Extract helps give the skin a brighter and more clearer appearance.

Infused with moisture-laden hyaluronic acid and low-irritanting natural ingredients, this cleanser is perfect for someone with dull, dry and sensitive skin!","Water, Stearic Acid, Glycerin, Lauric Acid, Myristic Acid, Potassium Hydroxide, Cocamidopropyl Betaine, Sorbitan Olivate, Glycol Distearate, Peg-100 Stearate, Glyceryl Stearate, Sorbitan Sesquioleate, Sodium Chloride, Macadamia Ternifolia Seed Oil, Olea Europaea (Olive) Fruit Oil, Caprylyl Glycol, Allantoin, Tetrasodium EDTA, Sodium Hyaluronate, Chamaecyparis Obtusa Leaf Extract, Daucus Carota Sativa (Carrot) Root Extra, Cucurbita Pepo (Pumpkin) Fruit Extract, Chlorphenesin, Potassium Sorbate, Fragrance",4.6,,7 Reviews,https://www.ulta.com/labotica-hinoki-cypress-brightening-cleansing-foam?productId=pimprod2013159,3
2,cleanser,face wash,dry,Kitao,Matcha + Chia Cleansing Cream,ounce,"Price
$25.00","Infused with antioxidant-rich matcha green tea and three other powerful superfoods, Kitao Matcha + Chia Cleansing Cream effectively dissolves makeup and oil, transforming into a soothing cleansing milk when water is added. Acai, chia seed, and quinoa work together to neutralize aging free radicals from environmental pollution. The creamy formula leaves a whisper of moisture on the skin that prevents dehydration and protects the skin barrier.","Water, Squalane, Butylene Glycol, Glycerin, Cetearyl Alcohol, Glyceryl Stearate SE, Oleyl Alcohol,Sodium Laureth-4 Phosphate, Dimethicone, Behenyl Alcohol, Petrolatum,(Euterpe Oleracea/Euterpe Precatoria/Theobroma Grandiflorum) Fruit Extract, Salvia Hispanica Seed Oil, Chenopodium Quinoa Seed Extract, Camellia Sinensis Leaf Powder, Camellia Sinensis Leaf Extract, Myrciaria Dubia Fruit Extract, Magnesium Ascorbyl Phosphate, Theobroma Cacao (Cocoa) Seed Butter, Rosa Roxburghii Fruit Extract, Oryza Sativa (Rice) Lees Extract, Sodium Hyaluronate, Hydrolyzed Collagen, Sodium Lauroyl Lactylate,Â  Ceramide NP, Ceramide APCeramide EOP,Rice Ferment Filtrate (Sake), Iris Florentina Root Extract,1,2-Hexanediol,Caprylyl Glycol, Polysorbate 60,Carbomer, Potassium Hydroxide, Hydroxypropyl Methylcellulose,Algin,Tocopherol, Hydrolyzed Collagen, Sodium Citrate,Citric Acid, Alcohol Propanediol, Zinc Sulfate, Retinyl Palmitate, Phytosphingosine, Cholesterol,Xanthan Gum, Phenoxyethanol, Fragrance.",4.5,,216 Reviews,https://www.ulta.com/matcha-chia-cleansing-cream?productId=pimprod2004420,3
3,cleanser,face wash,dry,Dermadoctor,Lucky Bamboo Jukyeom 9x Oil to Milk Cleanser,Size 6.76 oz|,"Price
$36.00","This refreshing oil magically transforms into a smooth, deep-cleansing milk following the application of water. Jojoba seed and orange peel oils gently lift away impurities and remove makeup without drying out the skin. This soap-free, pH-balanced formula features electrolyte, mineral and antioxidant rich K-Beauty cosmeceutical, Jukyeom 9x. Mother of pearl extract helps create a brightening, luminous finish, leaving complexion feeling soft, silky and radiant.

Featured Ingredients
Jukyeom 9x - Contains a powerful blend of electrolytes, minerals and antioxidants that are essential for skin health and wellness
Jojoba Seed Oil- Calms and soothes the skin
Orange Peel Oil- Contains antiseptic and anti-aging benefits
Mother of Pearl Extract- Helps to brighten the skin
The DERMAdoctor Difference - Clean + Clinical + Cruelty Free
No Animal Testing...Ever
Allergy Tested + Hypoallergenic
Their Dermatologist tested and approved products are formulated to be Non-Irritating to the Skin, Non-Drying, Non-Comedogenic, Oil-Free, Synthetic Fragrance-Free, Synthetic Dye-Free, Gluten-Free, Cruelty-Free
They believe great skincare should be clean, clinical, and cruelty free...and that's the DERMAdoctor Difference","Simmondsia Chinensis Oil, PEG-4 Dilaurate, Dicaprylyl Carbonate, Citrus Aurantium Dulcis Oil, Phenoxyethanol, Caprylyl Glycol, Sorbic Acid, Aqua (Water), Glycerin, Roasted Bambusa Vulgaris (Bamboo) Sea Salt, Hydrolyzed Rice Protein, Brassica Oleracea Capitata Extract, Hibiscus Sabdariffa Extract, Mother Of Pearl Extract, Sodium Hyaluronate, Benzyl Alcohol, Potassium Sorbate, Sodium Benzoate, Ethylhexylglycerin.",4.6,,5 Reviews,https://www.ulta.com/lucky-bamboo-jukyeom-9x-oil-milk-cleanser?productId=pimprod2011763,3
4,cleanser,face wash,dry,ULTA,Shine Bright Creamy Cleanser,Size 4.0 oz|,"Price
$10.00","Out Ulta Beauty Collection Shine Bright Creamy Cleanser is a brightening creamy cleanser that nourishes, removes impurities and contains super fruit ingredients that help gently exfoliate skin!

Key Ingredients:
Vitamin C - helps brighten skin tone
Coconut Oil & Argan Oil - help nurture and moisturize skin
Alpha Hydroxy Acids from super-fruits Oranges, Lemons & Blueberries - help gently exfoliate skin 
Benefits:
Best for normal to dry skin types
Dermatologist-tested
Formulated without parabens, sulfates or phthalates","Water (Aqua), Glycerin, Sodium Cocoyl Isethionate, Sodium Methyl Cocoyl Taurate, Stearic Acid, Cetearyl Alcohol, Glyceryl Stearate, Cetyl Alcohol, Acrylates Copolymer, Carthamus Tinctorius (Safflower) Seed Oil, Sodium Lauroyl Lactylate, Citrus Aurantium Dulcis (Orange) Fruit Extract, Citrus Limon (Lemon) Fruit Extract, Citrus Nobilis (Mandarin Orange) Fruit Extract, Ocimum Basilicum Leaf (Basil) Extract, Acer Saccharum (Sugar Maple) Extract, Xanthan Gum, Fragrance (Parfum), Argania Spinosa (Argan) Kernel Oil, Butyrospermum Parkii (Shea) Butter, Cocos Nucifera (Coconut) Oil, Ethylhexylglycerin, Sodium Hydroxide, Aloe Barbadensis Leaf Juice, Sodium Ascorbyl Phosphate, Tocopherol, Vaccinium Myrtillus (Bilberry) Fruit Extract, Saccharum Officinarum (Sugar Cane) Extract, Mangifera Indica (Mango) Seed Butter, Hydrogenated Starch Hydrolysate, Aphanizomenon Flos-aquae Extract, Potassium Hydroxide, Phenoxyethanol, Glycol Distearate, Acrylates/C10-30 Alkyl Acrylate Crosspolymer, Caprylyl Glycol.",3.4,,5 Reviews,https://www.ulta.com/shine-bright-creamy-cleanser?productId=pimprod2012334,3
5,cleanser,face wash,dry,Perricone MD,Travel Size High Potency Classics Nutritive Cleanser,Size 2.0 oz|,"Price
$15.00","To get the most from your skincare regimen, start with the best facial cleanser for your skin type. Perricone MD's High Potency Classics Nutritive Cleanser is perfect for all skin types, and the ideal face cleanser for dry skin. Makeup, excess oil, dirt and debris are gently removed, leaving behind fresh, clean skin that never feels dry or tight.

Packed with alpha lipoic acid, exfoliating alpha hydroxy acids, and Perricone MD's unique firming and hydrating copper complex, this anti-aging face wash softens and conditions dry, thirsty skin while perfectly preparing it for the next step in your regimen.","Water/Aqua/Eau, Sodium Laureth Sulfate, Lauryl Glucoside, Cocamidopropyl Betaine, PPG-2 Hydroxyethyl Coco/Isostearamide, Dimethyl MEA, Thioctic Acid, Magnesium Aspartate, Zinc Gluconate, Copper Gluconate, Citric Acid, Sodium Chloride, Disodium EDTA, Benzophenone-4, Methylchloroisothiazolinone, Methylisothiazolinone, Fragrance/Parfum.",4.5,,346 Reviews,https://www.ulta.com/travel-size-high-potency-classics-nutritive-cleanser?productId=pimprod2015741,3
6,cleanser,face wash,dry,Milk + Honey,Gel Cleanser,Size 4.0 oz|,"Price
$36.00","The milk + honey Gel Cleanser is a gel-to-foam face wash that gently, yet thoroughly, removes dirt, excess oil, and impurities, leaving skin soft and moisturized.
milk + honey skincare has been developed, tested rigorously, and vetted by in-house team of estheticians and lab in Austin, TX.


Key Benefits:
Cleanses thoroughly without stripping the skin
Contains skin-softening ingredients like Vitamin E, K, and fatty acids
Supports healthy, glowing skin
Contains astringent properties
Non-toxic, safe, effective
Esthetician-tested and approved
Dye-free
Sulfate-free
SLS-free
Artificial fragrance-free
Cruelty-free
Made in Austin, TX

Key Ingredients:
Apple Amino Acids Surfactant is a foaming agent that gently cleanses without stripping the skin
Lemon Peel Oil is an essential oil with astringent properties, which helps to wash away excess oil without overdrying
Prickly Pear Extract contains skin-softening Vitamin E, K, and nourishing fatty acids, and acts as a natural fighting agent against the look of aging skin","Organic Aloe barbadensis (Aloe) Leaf Juice, Sodium Cocoyl (Apple) Amino Acids, Disodium Cocoyl Glutamate, Sodium Cocoyl Glutamate, Chondrus crispus (Irish Moss), Organic Vegetable Glycerin, Caprylyl/Capryl Glucoside, Opuntia Tuna (Prickly Pear) Flower/Stem Extract, Sodium Chloride, Potassium Oleate, Potassium Cocoate, Lauryl Betaine, Glycerin, Benzyl Alcohol, Potassium Citrate, Potassium Palm Kernelate, Decyl Glucoside, Palm Kernel Acid, Organic Citrus limonum (Lemon) Peel Oil, Organic Citrus paradisi (Grapefruit) Oil, Organic Citrus reticulata (Mandarin Orange) Oil, Organic Brachylaena hutchinsii (Muhuhu) Oil, Citrus sinensis (Sweet Orange) Peel Oil, Phenethyl Alcohol, Pentylene Glycol, Propanediol, Lecithin, Citric Acid, Sclerotium Gum, Acacia Senegal Gum, Xanthan Gum, Pullulan, Potassium Sorbate.",4,,2 Reviews,https://www.ulta.com/gel-cleanser?productId=pimprod2014348,3
7,cleanser,face wash,dry,YourGoodSkin,Refreshing Foaming Wash,Size 5.0 oz|,"Price
$7.49","YourGoodSkin Refreshing Foaming Wash gently washes away make-up, excess oil & daily impurities - revealing healthy and instantly energized skin. For all skin types.","Aqua (Water), Glycerin, Cocamidopropyl Betaine, Lauryl Glucoside, Disodium Laureth Sulfosuccinate, Sodium Cocoamphoacetate, Sodium Chloride, Coco-Glucoside, Glyceryl Oleate, Citric Acid, Phenoxyethanol, PEG-40 Hydrogenated Castor Oil, Betaine, Panthenol, Sodium Benzoate, PEG-200 Hydrogenated Glyceryl Palmate, Ascorbyl Glucoside, Tetrasodium EDTA, PEG-7 Glyceryl Cocoate, Glyceryl Laurate, Bisabolol, Potassium Hydroxide, Camellia Sinensis Leaf Extract, Lecithin, Ascorbyl Palmitate, Tocopherol, Hydrogenated Palm Glycerides Citrate.",4.6,,5 Reviews,https://www.ulta.com/refreshing-foaming-wash?productId=pimprod2006313,3
8,cleanser,face wash,dry,Ofra Cosmetics,Vitamin C Cleanser,Size 8.0 oz|,"Price
$22.00","Ofra Cosmetics Foaming Vitamin C Cleanser is a hypoallergenic cleanser that refreshes senses while gently wiping away dirt, oil, and skin impurities. Gentle enough to use twice a day.","Deionized Water, Decyl Glucoside, Sodium Laureth Sulfate, Penthenol, Cocoamidopropyl Betaine, Propylene Glycol (And) Diazolidinyl Urea (And) Phenoxyethanol (And) Ethylhexyglycerin, Fragrance, Citric Acid, Octylmethyl Cyclopentasiloxane, FD & C Color.",4.6,,83 Reviews,https://www.ulta.com/vitamin-c-cleanser?productId=xlsImpprod16801608,3
9,cleanser,face wash,dry,Follain,Hydrating Cleanser: Purify + Nourish,Size 4 oz|,"Price
$22.00","Deep clean skin and remove makeup without stripping with Follain Hydrating Cleanser: Purify + Nourish. 100% non-toxic cream-to-lather formula removes makeup, dirt, and impurities without stripping or drying skin. It also gently exfoliates with pore-purifying Willow Bark Extract. To top it off, the subtle citrus scent just smells like you're doing something great for your skin - because you are! For All Skin Types.

Key Benefits & Power Ingredients:
Thorough Cleanse: Deep cleans to help remove dirt, excess oil, makeup, and other impurities.
Gentle Exfoliation: Willow Bark Extract, rich in natural exfoliant Salicin (a gentle BHA), helps purify pores.
Replenished Hydration: Rosehip Oil and Glycerin help replenish and lock in moisture so skin stays hydrated.
Barrier of Protection: Antioxidant-rich botanical extracts, including Green Tea and Moringa Leaf, help protect skin.

Claims:
Non-Toxic
Non-GMO
Cruelty-Free
Gluten-Free
Dermatologist-Tested
Suitable for Sensitive Skin

Follain shows what clean is capable of: easy-to-use products with hard-to-ignore results. Founder Tara Foley is a clean beauty pioneer who's helped thousands of people discover the best clean ingredients for their skin. Now, she's using her knowledge to create indulgent, effective skincare essentials designed to make everyone experience the power of clean beauty.

""Clean beauty is for everyone. My mission is to share it with as many people as possible."" - Tara Foley, Founder","Water/Aqua/Eau, Glycerin, Potassium Cocoyl Glycinate, Glyceryl Caprylate/Caprate, Decyl Glucoside, Potassium Cocoate, 1,2-Hexanediol, Salix Nigra (Willow) Bark Extract, Rosa Canina Fruit Oil, Camellia Sinensis Leaf Extract, Moringa Oleifera Leaf Extract, Macrocystis Pyrifera (Kelp) Extract, Citrus Reticulata (Tangerine) Peel Oil, Citrus Paradisi (Grapefruit) Peel Oil, Citric Acid, Glyceryl Caprylate, Xanthan Gum, Ethylhexylglycerin, Sodium Gluconate, Cocamide MIPA, Caprylhydroxamic Acid, Citrus Limon (Lemon) Peel Extract, Potassium Sorbate, Sodium Benzoate.",4.1,,25 Reviews,https://www.ulta.com/hydrating-cleanser-purify-nourish?productId=pimprod2013707,3
10,cleanser,face wash,dry,Hey Honey,Don't Miss A Spot Fresh Honey Cleansing Foam,Size 5.0 oz|,"Price
$28.00","A natural and silky cleansing foam that is the perfect daily cleanser. Gentle and mild cleanser that leaves skin feeling clean, balanced, and free from redness. Honey extract provides moisture while cleansing. All skin types.","Aqua (Water), Sodium Laurylglucosides Hydroxypropylsulfonate, Coco-Betaine, Cocamidopropyl Betaine, Honey Extract, Glyceryl Oleate, Quillaja Saponaria Wood Extract, Coco-Glucoside, Undecylenoyl Glycine, Lavandula Angustifolia (Lavender) Oil, Commiphora Myrrha (Myrrh) Resin Extract, Elettaria Cardamomum Seed Extract, PPG-1-PEG-9 Lauryl Glycol Ether, Phenoxyethanol, Sodium Chloride, Sodium Hydroxide, Benzoic Acid, Sodium Phytate, Glycerin, Dehydroacetic Acid, Citric Acid, Eucalyptus Globulus Leaf Oil, Cinnamomum Camphora Bark Oil, Cymbopogon Martini Oil, Salvia Sclarea (Clary) Oil, Juniperus Virginiana Wood Oil, Lavandula Hybrida Oil, Citrus Limon (Lemon) Peel Oil, Rosmarinus Officinalis (Rosemary) Leaf Oil.",4.6,,44 Reviews,https://www.ulta.com/dont-miss-a-spot-fresh-honey-cleansing-foam?productId=xlsImpprod13891023,3
11,cleanser,face wash,dry,Clarisma,Cool Ocean Breeze Daily Cleanser,Size 5.0 oz|,"Price
$12.99","The glistening Cool Ocean Breeze Daily Cleanser from Clarisma is an alternative to harsh scrubs that can leaved skin feeling worse rather than better. Infused with skin-activated, fresh fruit enzymes and desert lime extract working hand in hand to cleanse the skin while also leaving behind a seamless, beautiful base. The carefully crafted formula was designed to purify dull skin without over-drying. With a gentle system of ingredients, this cleanser is safe to use daily. With each application this cleanser easily performs to even skin tone, deep clean pores, and leave skin feeling revived. Partnered with the Cali Dreaming Cream Daily Moisturizer maintaining radiant, smooth skin will be almost too easy.

Key Ingredients:
Desert Lime - a mild fruit acid that contains rich concentration of Vitamin C which helps to even skin tone, enhance firmness, and revive skin
Willowherb - helps the skin to rebound from the environmental aggressors it faces daily while naturally reducing redness and inflammation & helps to keep skin glowing and radiant","Water (Aqua), Decyl Glucoside, Cocamidopropyl Hydroxysultaine, Caprylyl/Capryl Glucoside, Glycerin, Acrylates Copolymer, Papain, Bromelain, Melia Azadirachta Seed Oil (Persian Lilac), Microcitrus Australis Fruit Extract (Caviar Lime), Glyceryl Oleate, Microcitrus Australasica Fruit Extract (Desert Lime), Copaifera Officinalis (Balsam Copaiba) Resin, Epilobium Angustifolium Flower/Leaf/Stem Extract (Willowherb), Propanediol, Carapa Guaianensis Seed Oil, Hydrolyzed Jojoba Esters, Coco-Glucoside, Euterpe Oleracea Fruit Oil (Acai Palm), Citrus Glauca Fruit Extract, Carapa Guaianensis Seed Oil, Glyceryl Oleate, Hydrolyzed Rice Protein, Sodium Lauroyl Sarcosinate, Maltodextrin, Caprylyl Glycol, Citrus Aurantium Bergamia Fruit Oil (Bergamot), Disodium Cocoyl Glutamate, Xantham Gum, Calcium Sodium Borosilicate, Sodium Hydroxide, Tocopherol, Titanium Dioxide, Sodium Cocoyl Glutamate, Silica, Phenylpropanol, Citrus Paradisi (Grapefruit) Peel Oil.",3.7,,19 Reviews,https://www.ulta.com/cool-ocean-breeze-daily-cleanser?productId=pimprod2012809,3
12,cleanser,face wash,dry,EVE LOM,Travel Size Cleanser,Size 1.69 oz|,"Price
$50.00","Remarkable. Multi-purpose. Multi-award-winning. The original balm cleanser.

The EVE LOM Cleanser was described by Vogue as 'probably the best cleanser in the world' and is the foundation of our skincare regime. It changed the face of cleansing and continues to, everywhere in the world we launch, being expertly balanced for all skin types, skin concerns and environmental conditions. With its signature blend of four aromatic plant oils, specially woven 100% cotton Muslin Cloth and quick routine, the result is incredibly glowing, radiant skin with a smoother, more refined texture. The difference can be seen instantly and just keeps on improving with use.

Benefits:
Deep cleanses without drying or stripping the skin and removes even the most stubborn of waterproof make-up
Thorough cleansing and gentle exfoliation enables skin cells to regenerate quickly and provides a vital receptive base for beauty products to work at their best
Decongests and with the signature massage technique helps drain toxins
Exfoliates, tones, improves circulation when combined with the specially woven Muslin Cloth
Softens and conditions the skin
Visible benefits for all skin types

Every EVE LOM Cleanser comes complete with a complimentary Muslin Cloth. The EVE LOM Muslin Cloth has been specially created to work with the Cleanser to gently exfoliate and encourage blood circulation leaving the skin feeling exceptionally smooth and radiant.

Cloths should be washed regularly at 40 degrees.","Paraffinum Liquidum, Peg-30 Lanolin, Cetearyl Alcohol, Bis-Diglyceryl Polyacyladipate-2, Aluminum Stearate, Theobroma Cacao (Cocoa) Seed Butter, Peg-75 Lanolin, Phenoxyethanol, Chamomilla Recutita (Matricaria) Flower Oil, Eucalyptus Globulus Leaf Oil, Eugenia Caryophyllus (Clove) Leaf Oil, Humulus Lupulus (Hops) Cone Oil, Bht, Eugenol, Limonene.",,,,https://www.ulta.com/travel-size-cleanser?productId=pimprod2015621,3
13,cleanser,face wash,dry,CeraVe,Hydrating Cream-to-Foam Cleanser,Size 12.0 oz|,"Price
$14.99","Developed with Dermatologists, CeraVe Hydrating Cream-to-Foam Facial Cleanser has a unique one-step cleansing formula with three essential ceramides (1, 3, 6-II) that gently cleanses, thoroughly removes oil and makeup, and hydrates the skin barrier.

Key Ingredients:
Amino Acids- helps attract and hold water on the skin
Hyaluronic Acid - this ingredient attracts hydration to the skin's surface and helps the skin retain moisture
MVE Technology - this patented delivery system continually releases moisturizing ingredients for 24-hour hydration
Ceramides - help restore and maintain the skin's natural barrier
Benefits:
Fragrance-free
Paraben-free
Soap-free
Non-comedogenic
Skin-identical pH","Aqua / Water, Urea, Cetyl Alcohol, Glyceryl Stearate Se, Cetearyl, Alcohol, Niacinamide, Butyrospermum Parkii Butter / Shea Butter, C12-13 Alkyl Lactate, Peg-100 Stearate, Glycerin, Behentrimonium Methosulfate, Dimethicone, Triacetin, Ceramide Np, Ceramide Ap, Ceramide Eop, Carbomer, Sodium Lactate, Salicylic Acid, Sodium Hydroxide, Sodium Lauroyl Lactylate, Sodium Hyaluronate, Cholesterol, Phenoxyethanol, Disodium Edta, Capryloyl Salicylic Acid, Hydroxyacetophenone, Citric Acid, Lactic Acid, Phytosphingosine, Xanthan Gum, Ethylhexylglycerin.",,,,https://www.ulta.com/hydrating-cream-foam-cleanser?productId=pimprod2018254,3
14,cleanser,face wash,dry,THANN,Shiso Facial Cleanser,Size 6.76 oz|,"Price
$35.00","THANN's Shiso Facial Cleanser is a skin-softening cleanser that uses the pollution-fighting properties of shiso leaf to protect against environmental skin aggressors.

The pH-balanced formula thoroughly cleanses while soothing, softening, and protecting your natural skin moisture.

This pH-balancing cleanser is completely non-alkaline, non-comedogenic and suitable for all skin types including sensitive skin.","Aqua (Water), Glycerin (Palm derived), Olive Oil PEG-7 Esters (Olive derived), Cetyl Alcohol (Coconut derived), Decyl Glucoside (Plant derived), Phenoxyethanol, Disodium Cocoyl Glutamate (Coconut derived), Parfum (Fragrance), Citrus Aurantium Dulcis (Orange) Oil, Perilla Ocymoides (Shiso) Leaf Extract, Camellia Sinensis (Green Tea) Leaf Extract, Algae Extract, Hamamelis Virginiana (Witch Hazel) Leaf Extract, Methylisothiazolinone.",5,,2 Reviews,https://www.ulta.com/shiso-facial-cleanser?productId=pimprod2008275,3
15,cleanser,face wash,dry,Yes to,Watermelon Super Fresh Facial Cleanser,Size 4.0 oz|,"Price
$8.99","Quench your skin with Yes to Watermelon Super Fresh Facial Cleanser - day or night -for refreshed, lightly hydrated skin! Formulated with watermelon extract and vitamin C to lightly hydrate and natural tone the skin, this gel texture cleanser transforms into a lather to gently dissolve and breakdown makeup, oil, dirt and impurities leaving skin clean and smooth, never stripped.","Water (Aqua), Cocamidopropyl Hydroxysultaine, Aloe Barbadensis Leaf Juice, Sodium Cocoyl Glutamate, Citric Acid, Sodium Chloride, Citrullus Lanatus (Watermelon) Fruit Extract, Solanum Lycopersicum (Tomato) Fruit Extract, Sodium Ascorbyl Phosphate*, Sodium Hyaluronate, Sodium Gluconate, Glycerin, Sodium Benzoate, Potassium Sorbate, Phenoxyethanol, Fragrance (Parfum).

*Vitamin C",4.6,,25 Reviews,https://www.ulta.com/watermelon-super-fresh-facial-cleanser?productId=pimprod2016272,3
16,cleanser,face wash,dry,Peach Slices,Peach Pudding Makeup Cleanser,Size 3.3 oz|,"Price
$9.99","Did you ever wonder how you could erase and dissolve layers and layers of makeup without tugging at skin or leaving any greasy residue, and leaving skin so silky and hydrated? Meet the Peach Slices Peach Pudding Makeup Cleanser! This innovative makeup cleansing pudding-cream works like no other cleanser where every last trace of makeup is magically dissolved - and with a few splashes of water, the cleanser, makeup, and impurities rinse right off skin. All that's left is hydrated, soothed, silky skin thanks to jojoba and macadamia oil and calendula and peach extracts. Cleansing just became super easy.

Benefits:
Cruelty-free & Leaping Bunny-certified
Ideal for all skin types
Doesn't clog pores
Dissolves every trace of makeup and stubborn impurities with ease
Non-greasy, non-drippy, leaves behind no residue
Skin is left hydrated and silky soft
Clean formula: no sulfates, no alcohol, no fragrance, and no harsh chemicals","Hydrogenated Polyisobutene, Water (Aqua), Butylene Glycol, Glycerin, Olive Oil PEG-7 Esters, Glyceryl Stearate, Polysorbate 60, Cetyl Alcohol, Stearyl Alcohol, Butylene Glycol, Dicaprylate/Dicaprate, Isopropyl Myristate, Prunus Persica (Peach) Fruit Extract, Calendula Officinalis Flower Extract, Simmondsia Chinensis (Jojoba) Seed Oil, Macadamia Ternifolia Seed Oil, PEG-40 Stearate, PEG-100 Stearate, Beeswax, Butyrospermum Parkii (Shea) Butter, Dimethicone, Cyclohexasiloxane, Sorbitan Stearate, Caprylyl Glycol, Chlorphenesin, Carbomer, Triethanolamine, Caprylhydroxamic Acid, Disodium EDTA, Cyclopentasiloxane, Lavandula Angustifolia (Lavender) Oil, Pelargonium Graveolens Flower Oil.",4.5,,24 Reviews,https://www.ulta.com/peach-pudding-makeup-cleanser?productId=pimprod2016361,3
17,cleanser,face wash,dry,Derma E,Ultra Hydrating Alkaline Cloud Cleanser,Size 5.3 oz|,"Sale Price
$11.16
Original Price
$13.95","Take the hydration plunge. Derma E's Ultra Hydrating Alkaline Cloud Cleanser gently removes makeup, impurities and excess oil without stripping the skin of its healthy moisture. Enriched with a unique blend of ultra-hydrating Hyaluronic Acid and adaptogen Snow Mushroom Extract to help moisturize and condition thirsty skin for a softer and healthier-looking complexion.

Benefits:
100% Vegan
Cruelty-free
Recyclable & wind energy certifie
 Formulated without GMOs, gluten, or soy","Purified Water, Cocamidopropyl Betaine, Sodium Methyl 2-Sulfolaurate, Disodium Laureth Sulfosuccinate, Sodium Hyaluronate, Hydrolyzed Sodium Hyaluronate, Tremella Fuciformis (Mushroom) Extract, Sodium Bicarbonate, Disodium 2-Sulfolaurate, Potassium Hydroxide, Polysorbate 20, Ethylhexylglycerin, Phenoxyethanol, Natural Fragrance Oils.",4.9,,19 Reviews,https://www.ulta.com/ultra-hydrating-alkaline-cloud-cleanser?productId=pimprod2017375,3
